{"type": "FeatureCollection", "features": [{"type": "Feature", "properties": {"name": "Phase 2 Boundary", "layer": "Phase-3-Bound"}, "geometry": {"type": "Polygon", "coordinates": [[[46.7661843, 24.8714859], [46.7663995, 24.8720503], [46.7665302, 24.8725234], [46.7666671, 24.8730183], [46.7667276, 24.8732375], [46.7671763, 24.8741962], [46.7679326, 24.8749245], [46.7679446, 24.8749261], [46.7685322, 24.8750083], [46.7686801, 24.875029], [46.7690086, 24.8749941], [46.7690329, 24.874928], [46.7691011, 24.8747487], [46.7691811, 24.8744785], [46.7692328, 24.8743041], [46.769319, 24.8740262], [46.769413, 24.8737473], [46.7696293, 24.8730441], [46.7696293, 24.8730441], [46.7700657, 24.8716251], [46.7701025, 24.8715032], [46.7701415, 24.8713756], [46.7701527, 24.8713449], [46.7701642, 24.8713076], [46.7701754, 24.871273], [46.7701986, 24.8712039], [46.7702073, 24.871178], [46.7702202, 24.8711344], [46.7702458, 24.8710378], [46.77027, 24.8709596], [46.7702943, 24.8708806], [46.7703162, 24.8708072], [46.7703507, 24.870699], [46.770372, 24.8706294], [46.7703969, 24.8705514], [46.7704171, 24.8704909], [46.7704424, 24.8704036], [46.7704687, 24.8703166], [46.77049, 24.8702471], [46.7705237, 24.8701422], [46.7705536, 24.8700549], [46.7705906, 24.8699408], [46.7706216, 24.8698538], [46.7706644, 24.8697222], [46.7707021, 24.8696179], [46.7707447, 24.8695071], [46.7707799, 24.8694051], [46.7708127, 24.8693119], [46.7708452, 24.8692186], [46.7708802, 24.8691166], [46.7709093, 24.8690317], [46.7709236, 24.8689891], [46.7709549, 24.8688949], [46.7709896, 24.8687913], [46.7710214, 24.8686964], [46.7710616, 24.8685754], [46.771099, 24.8684631], [46.7711333, 24.8683594], [46.771172, 24.8682474], [46.7712067, 24.8681438], [46.771238, 24.8680487], [46.7712746, 24.8679362], [46.7713065, 24.8678453], [46.7713454, 24.867725], [46.7713756, 24.8676339], [46.7714074, 24.8675389], [46.7714446, 24.8674266], [46.7714639, 24.8673659], [46.7714846, 24.8673056], [46.7715129, 24.8672191], [46.771553, 24.8670981], [46.7715677, 24.867055], [46.7716214, 24.8668906], [46.7716477, 24.866813], [46.7716742, 24.8667354], [46.7716926, 24.8666839], [46.7717213, 24.8666001], [46.7717614, 24.8664953], [46.7717905, 24.8664184], [46.771851, 24.8662558], [46.7718911, 24.8661537], [46.7719337, 24.8660427], [46.771985, 24.8659059], [46.772021, 24.8658121], [46.7720697, 24.865684], [46.7720962, 24.8656158], [46.7721828, 24.8653944], [46.7722253, 24.8652872], [46.7723545, 24.8648553], [46.7723572, 24.8648475], [46.77236, 24.8648388], [46.7723657, 24.8648215], [46.7723685, 24.8648128], [46.7723712, 24.8648041], [46.7723768, 24.8647868], [46.7723824, 24.8647694], [46.7723879, 24.864752], [46.7723959, 24.8647271], [46.7724018, 24.8647086], [46.7724186, 24.8646566], [46.7724242, 24.8646392], [46.772427, 24.8646305], [46.7724297, 24.8646218], [46.7724407, 24.8645871], [46.7724435, 24.8645782], [46.7724462, 24.8645697], [46.772449, 24.864561], [46.7724563, 24.8645379], [46.7724621, 24.8645178], [46.7724672, 24.8644999], [46.7724697, 24.8644911], [46.7724721, 24.8644823], [46.7724771, 24.8644648], [46.7724796, 24.8644561], [46.7724821, 24.8644473], [46.7724846, 24.8644385], [46.7724871, 24.8644298], [46.7724921, 24.8644122], [46.7724946, 24.8644035], [46.7724971, 24.8643947], [46.7724995, 24.8643859], [46.7725043, 24.8643684], [46.7725092, 24.8643508], [46.7725116, 24.864342], [46.7725164, 24.8643244], [46.7725213, 24.8643068], [46.7725237, 24.8642981], [46.7725286, 24.8642805], [46.7725334, 24.8642629], [46.7725385, 24.8642454], [46.7725468, 24.8642193], [46.7725524, 24.864202], [46.7725656, 24.8641583], [46.7725761, 24.8641234], [46.7725897, 24.8640799], [46.7726, 24.8640449], [46.7726101, 24.8640099], [46.7726237, 24.8639663], [46.7726318, 24.8639402], [46.7726473, 24.8638877], [46.7726612, 24.8638443], [46.7726749, 24.8638007], [46.7726895, 24.8637575], [46.7727044, 24.8637143], [46.7727348, 24.8636187], [46.7727511, 24.8635664], [46.7727676, 24.8635142], [46.7727799, 24.8634703], [46.7727975, 24.8634184], [46.7728157, 24.8633762], [46.7728409, 24.8633075], [46.7728466, 24.8632902], [46.7728671, 24.8632296], [46.7728827, 24.8631867], [46.7729093, 24.8631089], [46.7729336, 24.8630304], [46.7729596, 24.8629619], [46.772983, 24.8628927], [46.7730005, 24.8628451], [46.7730005, 24.8628451], [46.773005, 24.8628326], [46.7730232, 24.8627809], [46.7730487, 24.8627027], [46.7730557, 24.8626797], [46.7731, 24.862547], [46.7731143, 24.8625026], [46.7729741, 24.8624309], [46.7704808, 24.861155], [46.7669643, 24.8593496], [46.7631888, 24.8574152], [46.753742, 24.8525678], [46.753742, 24.8525678], [46.7543873, 24.8515168], [46.7543873, 24.8515168], [46.7544283, 24.8514535], [46.7544725, 24.851392], [46.7584575, 24.8534678], [46.758835, 24.8536644], [46.7588623, 24.8536786], [46.7589557, 24.8535278], [46.75901, 24.85344], [46.7590174, 24.8534281], [46.7597349, 24.8522617], [46.7600295, 24.8517837], [46.76025, 24.851426], [46.7604631, 24.8510782], [46.7605355, 24.85096], [46.7608227, 24.8504913], [46.7609567, 24.850279], [46.7610287, 24.8501622], [46.7611198, 24.8500159], [46.7610303, 24.8499701], [46.7576206, 24.8482268], [46.7541957, 24.8464761], [46.7505572, 24.8446152], [46.7487889, 24.8437118], [46.7472909, 24.8429457], [46.7450958, 24.8418248], [46.7425147, 24.8405056], [46.740752, 24.8396051], [46.738718, 24.8385675], [46.7364694, 24.8374214], [46.7339494, 24.8361377], [46.7338095, 24.8360723], [46.7337346, 24.8360341], [46.7322883, 24.8352973], [46.7304141, 24.8343433], [46.7289136, 24.8335782], [46.7283798, 24.8333061], [46.7264533, 24.8323222], [46.7254911, 24.8318283], [46.7238862, 24.8310043], [46.7234442, 24.8307772], [46.7234442, 24.8307772], [46.7241189, 24.831575], [46.7241189, 24.831575], [46.7247806, 24.8323494], [46.7247806, 24.8323494], [46.7252195, 24.8328647], [46.7252195, 24.8328647], [46.7261579, 24.8339984], [46.7261579, 24.8339984], [46.7265684, 24.8345255], [46.7265684, 24.8345255], [46.7269598, 24.8350588], [46.7269598, 24.8350588], [46.7273386, 24.8355825], [46.7273386, 24.8355825], [46.7277201, 24.8361244], [46.7277201, 24.8361244], [46.7280844, 24.8366672], [46.7280844, 24.8366672], [46.7284416, 24.8372265], [46.7284416, 24.8372265], [46.7284905, 24.8373078], [46.7286911, 24.8376292], [46.7287416, 24.8377023], [46.7294342, 24.8388713], [46.7296659, 24.8387656], [46.7296659, 24.8387656], [46.7296293, 24.8386817], [46.7296293, 24.8386817], [46.7296213, 24.8386664], [46.7296144, 24.8386506], [46.7296088, 24.8386344], [46.7296043, 24.8386179], [46.7296011, 24.8386012], [46.7295992, 24.8385843], [46.7295986, 24.8385673], [46.7295992, 24.8385503], [46.7296011, 24.8385334], [46.7296042, 24.8385166], [46.7296086, 24.8385001], [46.7296143, 24.8384839], [46.7296211, 24.8384681], [46.7296291, 24.8384528], [46.7320414, 24.8370063], [46.7323656, 24.8368806], [46.7325862, 24.8369618], [46.7338132, 24.839596], [46.7338132, 24.839596], [46.7344911, 24.841171], [46.7350726, 24.8427777], [46.7350726, 24.8427777], [46.7351443, 24.842999], [46.7351443, 24.842999], [46.7354089, 24.843875], [46.7357799, 24.8451788], [46.7357799, 24.8451788], [46.7357656, 24.8451934], [46.7357525, 24.8452089], [46.7357404, 24.8452251], [46.7357295, 24.8452419], [46.7357198, 24.8452594], [46.7357114, 24.8452774], [46.7357042, 24.8452959], [46.7356984, 24.8453147], [46.7356939, 24.8453338], [46.7356907, 24.8453532], [46.7356889, 24.8453727], [46.7356885, 24.8453923], [46.7356885, 24.8453923], [46.7356896, 24.8454131], [46.7356922, 24.8454338], [46.7356964, 24.8454542], [46.735702, 24.8454744], [46.7357092, 24.8454942], [46.7357178, 24.8455134], [46.7357279, 24.8455321], [46.7357393, 24.8455502], [46.7357521, 24.8455674], [46.7357661, 24.8455839], [46.7357813, 24.8455994], [46.7357976, 24.8456139], [46.735815, 24.8456274], [46.7358334, 24.8456398], [46.7358526, 24.845651], [46.7358726, 24.845661], [46.7358933, 24.8456697], [46.7359147, 24.8456771], [46.7359302, 24.8457395], [46.7362001, 24.8468236], [46.7362001, 24.8468236], [46.7363142, 24.8473416], [46.7364017, 24.8477985], [46.7365726, 24.8486899], [46.7366062, 24.8486891], [46.736616, 24.8486772], [46.736717, 24.8487004], [46.736717, 24.8487004], [46.7368839, 24.8487382], [46.7368839, 24.8487382], [46.7370598, 24.8487783], [46.7397882, 24.8494001], [46.7398722, 24.8494193], [46.7401053, 24.8494725], [46.7411926, 24.8497207], [46.7419061, 24.8498835], [46.7419379, 24.8498918], [46.7419657, 24.8499], [46.7420346, 24.8499203], [46.7421317, 24.8499488], [46.7422147, 24.8499733], [46.7423506, 24.8500133], [46.7424766, 24.8500503], [46.7426351, 24.850097], [46.7427702, 24.8501367], [46.7428457, 24.8501589], [46.7429083, 24.8501773], [46.7429561, 24.8501914], [46.7430417, 24.8502166], [46.7431091, 24.8502364], [46.7431762, 24.8502561], [46.7432543, 24.8502791], [46.7433429, 24.8503052], [46.7434584, 24.8503392], [46.7440725, 24.8505218], [46.7440743, 24.8504241], [46.7443697, 24.8504887], [46.7444553, 24.8504666], [46.7444553, 24.8504666], [46.7444578, 24.850466], [46.7444604, 24.8504656], [46.7444629, 24.8504653], [46.7444655, 24.8504652], [46.7444681, 24.8504653], [46.7444707, 24.8504655], [46.7444733, 24.8504658], [46.7444758, 24.8504663], [46.7444783, 24.850467], [46.7444808, 24.8504678], [46.7444832, 24.8504688], [46.7444855, 24.8504699], [46.7444877, 24.8504711], [46.7444898, 24.8504725], [46.7444918, 24.8504739], [46.7445574, 24.8505253], [46.7446868, 24.8505516], [46.7447758, 24.8505735], [46.7450309, 24.8505457], [46.7451912, 24.8506812], [46.7453585, 24.8506451], [46.7455258, 24.8508026], [46.74604, 24.8508187], [46.7461666, 24.8509623], [46.7461676, 24.8510343], [46.7462638, 24.8510567], [46.7462526, 24.8511039], [46.7462379, 24.8511657], [46.747385, 24.8515068], [46.7475063, 24.8515429], [46.7477129, 24.8516043], [46.749897, 24.8522538], [46.75034, 24.8523855], [46.7510431, 24.8525945], [46.7511034, 24.8526155], [46.7512148, 24.8526561], [46.7513039, 24.8526886], [46.7513624, 24.85271], [46.7514969, 24.852759], [46.751633, 24.8528087], [46.7517947, 24.8528677], [46.7519169, 24.8529123], [46.7520622, 24.8529653], [46.7521722, 24.8530055], [46.7523029, 24.8530532], [46.7524049, 24.8531004], [46.7524832, 24.8531378], [46.7526158, 24.8532011], [46.7527208, 24.8532512], [46.7527785, 24.8532788], [46.7530627, 24.8534145], [46.75323, 24.8534944], [46.75323, 24.8534944], [46.7532223, 24.8535394], [46.7532174, 24.8535848], [46.7532151, 24.8536303], [46.7532129, 24.8537471], [46.7532005, 24.8543803], [46.7532005, 24.8543803], [46.7532224, 24.8543962], [46.7532431, 24.8544133], [46.7532625, 24.8544316], [46.7532805, 24.8544511], [46.7532972, 24.8544716], [46.7533123, 24.854493], [46.7533258, 24.8545153], [46.7533377, 24.8545384], [46.7533479, 24.8545621], [46.7533564, 24.8545864], [46.7533631, 24.8546112], [46.753368, 24.8546363], [46.7533711, 24.8546616], [46.7533724, 24.8546871], [46.7533724, 24.8546871], [46.7533718, 24.854714], [46.7533691, 24.8547407], [46.7533644, 24.8547673], [46.7533577, 24.8547935], [46.753349, 24.8548191], [46.7533384, 24.8548442], [46.7531184, 24.855038], [46.7531035, 24.8557964], [46.7531028, 24.8558369], [46.7531028, 24.8558369], [46.7531037, 24.8558962], [46.7531088, 24.8559554], [46.7531181, 24.8560141], [46.7531315, 24.8560721], [46.753149, 24.8561292], [46.7531704, 24.8561852], [46.7531948, 24.8562428], [46.7532132, 24.8562862], [46.7537796, 24.8560866], [46.754645, 24.856527], [46.7549754, 24.8573073], [46.7549755, 24.8573073], [46.7549755, 24.8573073], [46.7549099, 24.8573363], [46.7548426, 24.8573619], [46.7539781, 24.8576667], [46.7539347, 24.857682], [46.7540417, 24.8579347], [46.7540417, 24.8579347], [46.7540388, 24.8579554], [46.7540344, 24.857976], [46.7540284, 24.8579962], [46.7540209, 24.858016], [46.754012, 24.8580353], [46.7540016, 24.858054], [46.7539899, 24.858072], [46.7539768, 24.8580892], [46.7555559, 24.8618179], [46.7555559, 24.8618179], [46.7555782, 24.8618226], [46.7556, 24.8618286], [46.7556213, 24.861836], [46.7556421, 24.8618448], [46.7556621, 24.8618547], [46.7556813, 24.8618659], [46.7556997, 24.8618783], [46.7557171, 24.8618918], [46.7557334, 24.8619063], [46.7557486, 24.8619219], [46.7557626, 24.8619383], [46.7557754, 24.8619556], [46.7557868, 24.8619736], [46.7557969, 24.8619923], [46.7558055, 24.8620116], [46.7558127, 24.8620313], [46.7558184, 24.8620515], [46.7558226, 24.862072], [46.7558252, 24.8620926], [46.7558263, 24.8621134], [46.7558263, 24.8621134], [46.7558258, 24.8621334], [46.755824, 24.8621532], [46.7558207, 24.8621729], [46.755816, 24.8621924], [46.75581, 24.8622116], [46.7558025, 24.8622303], [46.7557938, 24.8622486], [46.7557838, 24.8622663], [46.7557725, 24.8622833], [46.75576, 24.8622997], [46.7573393, 24.8660283], [46.7573393, 24.8660283], [46.7573615, 24.866033], [46.7573833, 24.8660391], [46.7574047, 24.8660465], [46.7574254, 24.8660552], [46.7574454, 24.8660652], [46.7574647, 24.8660764], [46.757483, 24.8660888], [46.7575004, 24.8661022], [46.7575168, 24.8661168], [46.757532, 24.8661323], [46.757546, 24.8661487], [46.7575587, 24.866166], [46.7575702, 24.866184], [46.7575802, 24.8662027], [46.7575889, 24.866222], [46.7575961, 24.8662418], [46.7576017, 24.8662619], [46.7576059, 24.8662824], [46.7576085, 24.8663031], [46.7576096, 24.8663239], [46.7576096, 24.8663239], [46.7576092, 24.8663438], [46.7576073, 24.8663637], [46.757604, 24.8663834], [46.7575994, 24.8664028], [46.7575933, 24.866422], [46.7575859, 24.8664407], [46.7575771, 24.866459], [46.7575671, 24.8664767], [46.7575558, 24.8664938], [46.7575434, 24.8665102], [46.7579165, 24.8673912], [46.7579538, 24.8674791], [46.7579744, 24.8675278], [46.7579744, 24.8675278], [46.7580003, 24.8675909], [46.7580213, 24.8676554], [46.7580374, 24.8677212], [46.7580485, 24.8677878], [46.7580546, 24.8678549], [46.7580555, 24.8679223], [46.7580513, 24.8679896], [46.7580421, 24.8680564], [46.7580201, 24.8682028], [46.7580154, 24.8682338], [46.7598841, 24.8684418], [46.760199, 24.868454], [46.760958, 24.8684835], [46.760958, 24.8684835], [46.7609469, 24.8684878], [46.7609362, 24.8684927], [46.7609258, 24.8684983], [46.7609158, 24.8685046], [46.7609064, 24.8685114], [46.7608974, 24.8685188], [46.7608891, 24.8685267], [46.7608813, 24.8685351], [46.7608742, 24.868544], [46.7608678, 24.8685533], [46.760862, 24.868563], [46.760857, 24.868573], [46.7608528, 24.8685833], [46.7608493, 24.8685939], [46.7608466, 24.8686046], [46.7608448, 24.8686155], [46.7608437, 24.8686264], [46.7608434, 24.8686374], [46.7608434, 24.8686374], [46.760844, 24.8686488], [46.7608455, 24.86866], [46.7608478, 24.8686712], [46.760851, 24.8686821], [46.7608549, 24.8686929], [46.7608597, 24.8687033], [46.7608653, 24.8687134], [46.7608717, 24.8687232], [46.7608788, 24.8687325], [46.7608865, 24.8687413], [46.760895, 24.8687497], [46.760904, 24.8687574], [46.7609136, 24.8687646], [46.7609238, 24.8687712], [46.7609344, 24.8687771], [46.7609454, 24.8687822], [46.7609568, 24.8687867], [46.7609686, 24.8687905], [46.7609805, 24.8687935], [46.7609927, 24.8687957], [46.761005, 24.8687971], [46.7610174, 24.8687978], [46.7610299, 24.8687977], [46.7610423, 24.8687967], [46.7610545, 24.868795], [46.7610667, 24.8687925], [46.7628902, 24.8693616], [46.7628902, 24.8693616], [46.7628939, 24.8693819], [46.762899, 24.8694019], [46.7629057, 24.8694216], [46.7629138, 24.8694408], [46.7629232, 24.8694595], [46.7629341, 24.8694775], [46.7629462, 24.8694949], [46.7629596, 24.8695114], [46.7629742, 24.8695271], [46.7629899, 24.8695419], [46.7630067, 24.8695557], [46.7630245, 24.8695683], [46.7630431, 24.8695799], [46.7630626, 24.8695903], [46.7630828, 24.8695995], [46.7631036, 24.8696074], [46.763125, 24.869614], [46.7631468, 24.8696193], [46.7631689, 24.8696233], [46.7631913, 24.8696258], [46.7632138, 24.869627], [46.7632364, 24.8696268], [46.7632589, 24.8696252], [46.7632812, 24.8696222], [46.7633033, 24.8696179], [46.7633249, 24.8696122], [46.7633461, 24.8696052], [46.7661843, 24.8714859]]]}}, {"type": "Feature", "properties": {"name": "Phase 2A - H", "layer": "\\U+5206\\U+533A\\U+5FEB\\U+56FE\\U+5C42"}, "geometry": {"type": "Polygon", "coordinates": [[[46.7592208, 24.8487585], [46.7592095, 24.8487924], [46.7592236, 24.8488397], [46.7592393, 24.8488794], [46.7612208, 24.8498876], [46.7610314, 24.8501656], [46.7588637, 24.8536797], [46.7544673, 24.851398], [46.7544017, 24.8513543], [46.7543472, 24.8513299], [46.7545368, 24.851125], [46.7547729, 24.8509443], [46.755015, 24.8508105], [46.755277, 24.8507206], [46.755523, 24.8506708], [46.7562051, 24.8505788], [46.7570338, 24.8504826], [46.7575183, 24.8504073], [46.7578128, 24.8503347], [46.7581363, 24.8501872], [46.7584371, 24.8499682], [46.7586775, 24.8497055], [46.7588628, 24.849387], [46.7589608, 24.8492055], [46.7592208, 24.8487585]]]}}, {"type": "Feature", "properties": {"name": "Phase 2A - D", "layer": "C_BASE"}, "geometry": {"type": "Polygon", "coordinates": [[[46.741882, 24.8400872], [46.7418896, 24.8400268], [46.7418707, 24.8399524], [46.7465027, 24.8423673], [46.7463492, 24.8426219], [46.7463538, 24.8427611], [46.7464173, 24.8429019], [46.7441274, 24.8466329], [46.7439669, 24.8467651], [46.7439651, 24.8469066], [46.7440386, 24.8470395], [46.7442698, 24.8471507], [46.7441169, 24.8472741], [46.7440273, 24.8473133], [46.7439477, 24.8473208], [46.7437942, 24.8473292], [46.7428773, 24.8472226], [46.7417849, 24.8467699], [46.7416909, 24.8466842], [46.7416388, 24.8465795], [46.7416312, 24.8465171], [46.7415754, 24.8464385], [46.7413789, 24.8462602], [46.7412133, 24.8461562], [46.7412087, 24.8460591], [46.7412542, 24.84589], [46.741259, 24.8457912], [46.7412106, 24.8456606], [46.7411362, 24.8455725], [46.7410239, 24.8455012], [46.7409507, 24.845436], [46.7408965, 24.8453499], [46.7408051, 24.8448], [46.7405879, 24.8445534], [46.7395882, 24.8434425], [46.7408666, 24.841573], [46.7409673, 24.8414213], [46.7412715, 24.8409438], [46.7415271, 24.8404378], [46.7416085, 24.8403268], [46.7417343, 24.8402734], [46.7417774, 24.8402463], [46.7418271, 24.8401916], [46.741857, 24.840144], [46.741882, 24.8400872]]]}}, {"type": "Feature", "properties": {"name": "Phase 2A - E", "layer": "\\U+5206\\U+533A\\U+5FEB\\U+56FE\\U+5C42"}, "geometry": {"type": "Polygon", "coordinates": [[[46.7472094, 24.8427433], [46.7470862, 24.8426507], [46.7469975, 24.8424797], [46.746893, 24.8423988], [46.7467207, 24.8423571], [46.7465868, 24.8423778], [46.7465017, 24.842369], [46.7463492, 24.8426219], [46.7463538, 24.8427611], [46.7464173, 24.8429019], [46.7441274, 24.8466329], [46.7439669, 24.8467651], [46.7439651, 24.8469066], [46.7440386, 24.8470395], [46.7442698, 24.8471507], [46.7442698, 24.8471507], [46.7444962, 24.8469715], [46.744576, 24.8469313], [46.7446933, 24.8469213], [46.7447502, 24.8469379], [46.7448764, 24.8470064], [46.745117, 24.8471403], [46.7451619, 24.8471878], [46.7451837, 24.8472356], [46.7451783, 24.8473009], [46.7451643, 24.8473607], [46.7451758, 24.8474278], [46.7452273, 24.8474944], [46.7452915, 24.8475667], [46.7454907, 24.8477877], [46.7455416, 24.847814], [46.7458267, 24.8478588], [46.7462429, 24.8479308], [46.7463198, 24.847913], [46.7463701, 24.8478601], [46.7465152, 24.8477402], [46.746679, 24.8476579], [46.7467748, 24.8476454], [46.7470349, 24.8475161], [46.7472459, 24.8475532], [46.7473403, 24.8475262], [46.7475333, 24.8473753], [46.7476362, 24.847321], [46.7477274, 24.8473064], [46.7478401, 24.8473029], [46.7478803, 24.847351], [46.7479124, 24.8473766], [46.7479465, 24.8473934], [46.7479679, 24.8474221], [46.7481542, 24.8473747], [46.750365, 24.8468972], [46.7505086, 24.8468669], [46.7506563, 24.8468167], [46.7507899, 24.8467552], [46.750901, 24.8466901], [46.7510273, 24.8465989], [46.7511295, 24.8464982], [46.7512053, 24.8464092], [46.7513275, 24.8462263], [46.7513959, 24.8461115], [46.7516357, 24.8457252], [46.7520461, 24.8450935], [46.7519479, 24.8449812], [46.7518394, 24.8449313], [46.751709, 24.8449226], [46.7516171, 24.8449339], [46.7515045, 24.8449167], [46.7472094, 24.8427433]]]}}, {"type": "Feature", "properties": {"name": "Phase 2A - B", "layer": "\\U+5206\\U+533A\\U+5FEB\\U+56FE\\U+5C42"}, "geometry": {"type": "Polygon", "coordinates": [[[46.7413475, 24.8397363], [46.7411796, 24.8400151], [46.7412565, 24.8400612], [46.7413054, 24.8401098], [46.7413405, 24.84018], [46.7413457, 24.8402473], [46.7413378, 24.8402939], [46.7413219, 24.8403418], [46.7409833, 24.8409785], [46.740553, 24.8407607], [46.7389808, 24.8399469], [46.738769, 24.8399914], [46.7382856, 24.8399611], [46.7381712, 24.8399533], [46.7379977, 24.8398998], [46.7378234, 24.839789], [46.7378121, 24.8397657], [46.737811, 24.8397404], [46.7378124, 24.8397306], [46.737786, 24.8397182], [46.7377551, 24.8397713], [46.7376949, 24.8398283], [46.7376435, 24.8398486], [46.7375695, 24.8399671], [46.7375639, 24.8400093], [46.7374825, 24.8401446], [46.7373735, 24.8402434], [46.7372283, 24.8403081], [46.7370453, 24.8403552], [46.7368739, 24.8403752], [46.7365907, 24.8403154], [46.736576, 24.8402472], [46.7366264, 24.8401818], [46.7364866, 24.8402086], [46.7364772, 24.8402411], [46.7364917, 24.8402895], [46.7363985, 24.8404004], [46.7360958, 24.8403897], [46.735707, 24.8405417], [46.7355293, 24.8406806], [46.7352918, 24.8407805], [46.7350604, 24.8407835], [46.7348751, 24.8408054], [46.7347394, 24.840843], [46.7329293, 24.8369309], [46.733016, 24.83661], [46.7329677, 24.8365008], [46.7328738, 24.8363063], [46.7334265, 24.8361126], [46.7337371, 24.8360685], [46.7339753, 24.8360744], [46.7341728, 24.8361156], [46.7343448, 24.8361571], [46.7346165, 24.83629], [46.7377712, 24.8378974], [46.7413475, 24.8397363]]]}}, {"type": "Feature", "properties": {"name": "Phase 2A - F", "layer": "\\U+5206\\U+533A\\U+5FEB\\U+56FE\\U+5C42"}, "geometry": {"type": "Polygon", "coordinates": [[[46.7386816, 24.8468194], [46.7388463, 24.8470804], [46.7396743, 24.8470142], [46.7399255, 24.8471965], [46.7403289, 24.8472939], [46.7403888, 24.8471345], [46.7405171, 24.8470563], [46.74068, 24.8470023], [46.7408126, 24.8470079], [46.7419946, 24.8473172], [46.7422428, 24.8473964], [46.7429049, 24.847571], [46.7437971, 24.8475921], [46.7442115, 24.847602], [46.744414, 24.8476073], [46.7445555, 24.8476561], [46.7446721, 24.8476995], [46.7447722, 24.8477472], [46.7449027, 24.8478332], [46.7450145, 24.8479304], [46.7451505, 24.8480608], [46.7452642, 24.8481718], [46.7453464, 24.8482362], [46.7454068, 24.8482766], [46.745499, 24.8483238], [46.7455956, 24.8483604], [46.7457107, 24.8483885], [46.7458199, 24.8484037], [46.7460533, 24.8483876], [46.7465967, 24.84827], [46.7480936, 24.8479402], [46.7487365, 24.8503872], [46.7486889, 24.8505915], [46.7487406, 24.8506844], [46.7488083, 24.8507204], [46.7489109, 24.8507253], [46.7513415, 24.8514204], [46.7532566, 24.8524064], [46.7533273, 24.8524069], [46.7532198, 24.8526043], [46.7527592, 24.8524048], [46.752459, 24.8522857], [46.7519237, 24.8520859], [46.7513234, 24.8518598], [46.7512611, 24.8518384], [46.7507454, 24.8517021], [46.750354, 24.8515836], [46.7498545, 24.851428], [46.7493988, 24.851278], [46.7488787, 24.8511197], [46.7483339, 24.8509595], [46.747889, 24.8508166], [46.7476462, 24.8507469], [46.7472072, 24.8506503], [46.7467373, 24.8505292], [46.7459585, 24.8503116], [46.7454015, 24.8501236], [46.7450668, 24.8500148], [46.744662, 24.8499048], [46.7439241, 24.8496895], [46.7426224, 24.8493302], [46.7421496, 24.849184], [46.7412906, 24.8489906], [46.740366, 24.8487535], [46.7402447, 24.8486798], [46.7400853, 24.848693], [46.7390575, 24.8484539], [46.7380754, 24.8481404], [46.7373092, 24.8479584], [46.7367531, 24.8480831], [46.7366568, 24.8475875], [46.7366121, 24.8473535], [46.7366843, 24.8473951], [46.7373852, 24.8472834], [46.7375217, 24.8472596], [46.7376344, 24.8471835], [46.7378984, 24.8470113], [46.7380746, 24.8467759], [46.7383695, 24.8466453], [46.7373847, 24.8449871], [46.7375354, 24.8449066], [46.738537, 24.8465776], [46.7400421, 24.8459537], [46.7406457, 24.8448077], [46.7405693, 24.8445272], [46.7408028, 24.8448047], [46.7408738, 24.8452764], [46.7407844, 24.8453854], [46.7406613, 24.8454781], [46.7404201, 24.8455915], [46.7403756, 24.8456612], [46.7403948, 24.8457356], [46.7403344, 24.8457529], [46.7402955, 24.8457976], [46.7402601, 24.8458672], [46.7401742, 24.8460293], [46.7400801, 24.8462461], [46.7400082, 24.8463133], [46.7399237, 24.8463447], [46.7396505, 24.8463509], [46.739575, 24.8463767], [46.739437, 24.8464889], [46.7389653, 24.8466247], [46.7388193, 24.846596], [46.7385987, 24.8466594], [46.7386816, 24.8468194]]]}}, {"type": "Feature", "properties": {"name": "Phase 2A - C", "layer": "\\U+5206\\U+533A\\U+5FEB\\U+56FE\\U+5C42"}, "geometry": {"type": "Polygon", "coordinates": [[[46.7409849, 24.8409766], [46.7389736, 24.8399405], [46.738756, 24.8399985], [46.7380867, 24.8399337], [46.7379275, 24.8398522], [46.737818, 24.8397779], [46.7378139, 24.8397295], [46.7377876, 24.8397163], [46.7377516, 24.8397751], [46.737651, 24.8398474], [46.7375664, 24.839976], [46.737373, 24.8402364], [46.7372365, 24.8403037], [46.737066, 24.8403545], [46.7368869, 24.8403794], [46.7365924, 24.8403135], [46.7365776, 24.8402453], [46.7366299, 24.8401803], [46.7364871, 24.8402106], [46.7364782, 24.8402372], [46.7364933, 24.8402876], [46.736386, 24.8404029], [46.7360992, 24.8403909], [46.7357087, 24.8405398], [46.7355405, 24.8406779], [46.7352979, 24.8407796], [46.7350766, 24.8407818], [46.7347205, 24.8407888], [46.7360443, 24.8450397], [46.7361281, 24.84514], [46.7362571, 24.845222], [46.7363014, 24.8453222], [46.7364835, 24.8452654], [46.7384247, 24.8442595], [46.7389801, 24.8438942], [46.7393132, 24.84358], [46.7396717, 24.8431798], [46.7410845, 24.8410287], [46.7411504, 24.8409193], [46.7412456, 24.8407421], [46.7414196, 24.8403935], [46.7414761, 24.8402784], [46.7414761, 24.8402784], [46.7414921, 24.8402857], [46.7415085, 24.840292], [46.7415254, 24.8402972], [46.7415426, 24.8403014], [46.7415601, 24.8403045], [46.7415777, 24.8403065], [46.7415955, 24.8403075], [46.7416133, 24.8403073], [46.7416311, 24.8403061], [46.7416487, 24.8403037], [46.7416661, 24.8403003], [46.7416833, 24.8402958], [46.7417, 24.8402902], [46.7417163, 24.8402837], [46.7417321, 24.8402761], [46.7417473, 24.8402676], [46.7417618, 24.8402581], [46.7417755, 24.8402478], [46.7417885, 24.8402367], [46.7418007, 24.8402248], [46.7418119, 24.8402122], [46.7418221, 24.8401989], [46.7418314, 24.840185], [46.7418396, 24.8401705], [46.7418396, 24.8401705], [46.7418492, 24.8401569], [46.7418577, 24.8401427], [46.7418652, 24.840128], [46.7418716, 24.8401129], [46.7418768, 24.8400975], [46.741881, 24.8400817], [46.7418839, 24.8400657], [46.7418857, 24.8400496], [46.7418862, 24.8400334], [46.7418856, 24.8400172], [46.7418838, 24.8400011], [46.7418808, 24.8399852], [46.7418766, 24.8399694], [46.7418713, 24.839954], [46.7418649, 24.8399389], [46.7418573, 24.8399242], [46.7418487, 24.8399101], [46.7418391, 24.8398965], [46.7418285, 24.8398835], [46.741817, 24.8398712], [46.7418046, 24.8398596], [46.7417913, 24.8398488], [46.7417773, 24.8398389], [46.7417626, 24.8398298], [46.7417473, 24.8398217], [46.7417314, 24.8398145], [46.741715, 24.8398083], [46.741715, 24.8398083], [46.7416567, 24.8397868], [46.741597, 24.8397689], [46.7415361, 24.8397546], [46.7414743, 24.8397441], [46.7414119, 24.8397374], [46.7413491, 24.8397344], [46.7411812, 24.8400132], [46.74126, 24.8400612], [46.741307, 24.8401079], [46.7413408, 24.8401755], [46.7413473, 24.8402454], [46.7413394, 24.840292], [46.7413242, 24.8403397], [46.7409849, 24.8409766]]]}}, {"type": "Feature", "properties": {"name": "Phase 2A - E", "layer": "\\U+5206\\U+533A\\U+5FEB\\U+56FE\\U+5C42"}, "geometry": {"type": "Polygon", "coordinates": [[[46.7520087, 24.845151], [46.7517058, 24.8456195], [46.7516384, 24.8457274], [46.7517303, 24.8457286], [46.7518318, 24.8456879], [46.7519386, 24.8456587], [46.7520281, 24.845667], [46.7521202, 24.8456822], [46.7521839, 24.8456768], [46.7523612, 24.8457586], [46.7523111, 24.8458155], [46.7523251, 24.8459085], [46.7523006, 24.8459832], [46.7523321, 24.846041], [46.7523176, 24.8461017], [46.7522568, 24.8462029], [46.7519886, 24.8462949], [46.7517608, 24.8467093], [46.7516301, 24.8467512], [46.7513844, 24.8467984], [46.7510839, 24.8469657], [46.7510007, 24.8470696], [46.7505426, 24.8471638], [46.7503701, 24.8473537], [46.7500226, 24.847463], [46.7500308, 24.8474956], [46.7499211, 24.847546], [46.7498111, 24.847573], [46.7495882, 24.847599], [46.749425, 24.8476687], [46.7486054, 24.8478441], [46.7482805, 24.8479057], [46.7481427, 24.8473776], [46.7479679, 24.8474221], [46.7487388, 24.8503912], [46.7486923, 24.8505927], [46.7487455, 24.8506867], [46.748816, 24.8507237], [46.7489094, 24.850725], [46.751343, 24.8514235], [46.7532588, 24.8524075], [46.7533191, 24.8524211], [46.7539088, 24.851468], [46.7541372, 24.8511288], [46.7543642, 24.8508924], [46.7546306, 24.8506795], [46.7550151, 24.8504891], [46.7554034, 24.8503674], [46.755944, 24.8502968], [46.7574137, 24.8501105], [46.7574139, 24.8501114], [46.7574139, 24.8501114], [46.7575546, 24.8500832], [46.7576318, 24.8503781], [46.7578274, 24.8503262], [46.7581678, 24.8501643], [46.7584371, 24.8499682], [46.7586775, 24.8497055], [46.7591873, 24.8488161], [46.7520087, 24.845151]]]}}, {"type": "Feature", "properties": {"name": "Phase 5 - G", "layer": "ZONE"}, "geometry": {"type": "Polygon", "coordinates": [[[46.7548123, 24.88465], [46.7548313, 24.8849508], [46.7548313, 24.8849508], [46.7548319, 24.8849723], [46.7548308, 24.8849938], [46.7548281, 24.8850152], [46.7548238, 24.8850364], [46.7548179, 24.8850573], [46.7548105, 24.8850778], [46.7548015, 24.8850977], [46.7547911, 24.885117], [46.7547792, 24.8851356], [46.7547659, 24.8851535], [46.7547513, 24.8851704], [46.7547355, 24.8851865], [46.7547186, 24.8852014], [46.7547005, 24.8852153], [46.7546814, 24.885228], [46.7546614, 24.8852395], [46.7546406, 24.8852497], [46.7546191, 24.8852586], [46.754597, 24.8852661], [46.7545743, 24.8852722], [46.7545512, 24.8852769], [46.7545279, 24.8852801], [46.7545043, 24.8852819], [46.7523454, 24.8853737], [46.7523454, 24.8853737], [46.7523216, 24.885374], [46.7522978, 24.8853727], [46.7522742, 24.88537], [46.7522508, 24.8853657], [46.7522278, 24.88536], [46.7522053, 24.8853529], [46.7521834, 24.8853444], [46.7521623, 24.8853344], [46.7521419, 24.8853232], [46.7521224, 24.8853107], [46.7521039, 24.885297], [46.7521039, 24.885297], [46.7520901, 24.8852868], [46.7520755, 24.8852775], [46.7520603, 24.8852691], [46.7520445, 24.8852617], [46.7520281, 24.8852554], [46.7520114, 24.88525], [46.7519942, 24.8852458], [46.7519768, 24.8852426], [46.7519591, 24.8852406], [46.7519414, 24.8852396], [46.7519236, 24.8852398], [46.7519059, 24.8852411], [46.7518883, 24.8852436], [46.751871, 24.8852471], [46.7518539, 24.8852517], [46.7518373, 24.8852574], [46.7518211, 24.8852642], [46.7518055, 24.8852719], [46.7517905, 24.8852806], [46.7517762, 24.8852902], [46.7517627, 24.8853007], [46.75175, 24.8853121], [46.75175, 24.8853121], [46.7517343, 24.8853262], [46.7517176, 24.8853393], [46.7517001, 24.8853515], [46.7516818, 24.8853626], [46.7516627, 24.8853726], [46.7516429, 24.8853814], [46.7516226, 24.8853891], [46.7516017, 24.8853956], [46.7515805, 24.8854008], [46.7515589, 24.8854048], [46.7515371, 24.8854076], [46.7515152, 24.885409], [46.7499822, 24.8854742], [46.7499822, 24.8854742], [46.7499218, 24.8854749], [46.7498615, 24.8854719], [46.7498015, 24.8854653], [46.7497422, 24.885455], [46.7496837, 24.885441], [46.7496265, 24.8854235], [46.7495706, 24.8854026], [46.7495164, 24.8853783], [46.7483142, 24.8847925], [46.7483142, 24.8847925], [46.7482936, 24.8847816], [46.7482739, 24.8847694], [46.7482551, 24.884756], [46.7482374, 24.8847415], [46.7482209, 24.8847259], [46.7482055, 24.8847092], [46.7481915, 24.8846917], [46.7481789, 24.8846733], [46.7481677, 24.8846541], [46.7481579, 24.8846343], [46.7481497, 24.8846139], [46.7481497, 24.8846139], [46.7481436, 24.8845987], [46.7481363, 24.8845839], [46.7481279, 24.8845696], [46.7481185, 24.8845558], [46.748108, 24.8845427], [46.7480966, 24.8845303], [46.7480843, 24.8845186], [46.7480711, 24.8845078], [46.7480571, 24.8844978], [46.7480423, 24.8844887], [46.748027, 24.8844806], [46.748011, 24.8844734], [46.7479945, 24.8844673], [46.7479776, 24.8844622], [46.7479604, 24.8844583], [46.7479429, 24.8844554], [46.7479252, 24.8844536], [46.7479075, 24.884453], [46.7478897, 24.8844535], [46.747872, 24.8844551], [46.7478545, 24.8844578], [46.7478372, 24.8844616], [46.7478372, 24.8844616], [46.7478141, 24.8844667], [46.7477906, 24.8844704], [46.7477669, 24.8844725], [46.7477431, 24.8844731], [46.7477193, 24.8844723], [46.7476956, 24.8844699], [46.7476722, 24.8844661], [46.7476491, 24.8844607], [46.7476265, 24.8844539], [46.7476044, 24.8844458], [46.747583, 24.8844362], [46.7461017, 24.8837143], [46.7461017, 24.8837143], [46.7460793, 24.8837025], [46.7460577, 24.8836894], [46.7460372, 24.8836749], [46.7460177, 24.8836593], [46.7459994, 24.8836425], [46.7459994, 24.8836425], [46.7459933, 24.8836362], [46.7459877, 24.8836295], [46.7459825, 24.8836225], [46.7459778, 24.8836152], [46.7459737, 24.8836076], [46.7459701, 24.8835998], [46.7459671, 24.8835919], [46.7459646, 24.8835837], [46.7459626, 24.8835755], [46.7459613, 24.8835671], [46.7459605, 24.8835587], [46.7474865, 24.8825048], [46.747472, 24.8825386], [46.7474591, 24.8826237], [46.7474725, 24.8826776], [46.747488, 24.8826916], [46.7475092, 24.8826966], [46.747517, 24.8826965], [46.7475239, 24.8827145], [46.7475334, 24.8827561], [46.747526, 24.8827752], [46.7475104, 24.8827825], [46.7474957, 24.8828544], [46.7474802, 24.8828689], [46.7474654, 24.8829336], [46.7474527, 24.8829478], [46.7474505, 24.8829911], [46.7474427, 24.8829983], [46.747443, 24.8830478], [46.7474357, 24.8830557], [46.7474278, 24.8830558], [46.7474128, 24.8831062], [46.747405, 24.8831063], [46.7473976, 24.8831422], [46.7473665, 24.883164], [46.7473668, 24.8831855], [46.7473514, 24.8832072], [46.7473518, 24.8832359], [46.7473286, 24.8832648], [46.7473289, 24.8832863], [46.7473137, 24.8833223], [46.7473065, 24.8833654], [46.747316, 24.8835028], [46.7473091, 24.8835517], [46.7472939, 24.8835877], [46.7472949, 24.8836594], [46.7472873, 24.8836738], [46.7472618, 24.883746], [46.7472534, 24.8838242], [46.7472637, 24.8838936], [46.7472912, 24.8839532], [46.7473072, 24.8839745], [46.7473077, 24.8840104], [46.747324, 24.8840532], [46.7473327, 24.8841104], [46.7473485, 24.8841174], [46.7473645, 24.8841387], [46.7473729, 24.8841744], [46.7473807, 24.8841743], [46.7473969, 24.88421], [46.7474048, 24.8842099], [46.7474209, 24.8842384], [46.7474682, 24.8842521], [46.7474763, 24.8842664], [46.7475472, 24.8842799], [46.7475789, 24.884301], [46.7476301, 24.8843105], [46.747681, 24.8842998], [46.7476911, 24.8842942], [46.7477123, 24.8842923], [46.7477204, 24.8843065], [46.7477282, 24.8843064], [46.7477284, 24.8843208], [46.7477759, 24.8843417], [46.7477919, 24.884363], [46.7478096, 24.8843724], [46.7478367, 24.884373], [46.7479649, 24.8843428], [46.747982, 24.8843471], [46.7479883, 24.8843607], [46.7479884, 24.8843679], [46.7480041, 24.8843677], [46.7480201, 24.884389], [46.7480205, 24.8844177], [46.7481988, 24.8845771], [46.7482509, 24.8846013], [46.7482746, 24.8846082], [46.7482747, 24.8846153], [46.7482864, 24.8846259], [46.7483369, 24.8846336], [46.7483458, 24.8846432], [46.7483459, 24.8846503], [46.7483696, 24.8846644], [46.7483854, 24.8846642], [46.7484249, 24.8846852], [46.7484565, 24.884692], [46.7484802, 24.8847061], [46.7484803, 24.8847133], [46.7485355, 24.884727], [46.7485356, 24.8847341], [46.7485592, 24.8847338], [46.7485829, 24.8847479], [46.7486222, 24.8847474], [46.7486381, 24.8847616], [46.7486695, 24.8847612], [46.7486775, 24.8847683], [46.7487011, 24.884768], [46.7487012, 24.8847752], [46.7487247, 24.8847749], [46.7487248, 24.8847821], [46.7487485, 24.884789], [46.7487721, 24.8847887], [46.7487722, 24.8847958], [46.7487826, 24.8848104], [46.7488118, 24.884824], [46.7488434, 24.8848308], [46.7488436, 24.8848452], [46.7488673, 24.8848592], [46.7488833, 24.8848805], [46.7489003, 24.8849532], [46.7489161, 24.8849733], [46.7489319, 24.8849803], [46.7489935, 24.88499], [46.7490811, 24.8849785], [46.7491125, 24.884971], [46.7491514, 24.8849491], [46.7491591, 24.8849346], [46.7491824, 24.88492], [46.74919, 24.8848984], [46.7491978, 24.8848983], [46.7492109, 24.8848826], [46.7491964, 24.884798], [46.7492116, 24.884762], [46.7492359, 24.8847565], [46.7492509, 24.8847616], [46.7492511, 24.8847759], [46.749259, 24.8847758], [46.7492805, 24.8847928], [46.7492913, 24.8848399], [46.7492915, 24.8848543], [46.7493153, 24.8848683], [46.7493155, 24.8848826], [46.7493469, 24.8848823], [46.7493814, 24.8848735], [46.7493937, 24.8848602], [46.7493936, 24.8848531], [46.7494172, 24.8848528], [46.7494171, 24.8848456], [46.7494327, 24.8848383], [46.7494717, 24.8848333], [46.7495686, 24.8848484], [46.7496055, 24.8848362], [46.7496133, 24.884829], [46.7496761, 24.8848282], [46.7497073, 24.8848135], [46.7497544, 24.884813], [46.7498249, 24.8847978], [46.7499352, 24.8847844], [46.7500056, 24.8847957], [46.7500214, 24.8848027], [46.7500215, 24.8848099], [46.7500609, 24.8848166], [46.7500848, 24.8848378], [46.7501083, 24.8848375], [46.7501399, 24.8848515], [46.7501792, 24.884851], [46.750195, 24.884858], [46.7501951, 24.8848652], [46.7502266, 24.884872], [46.7502585, 24.8849002], [46.7502667, 24.8849288], [46.7502906, 24.88495], [46.7502909, 24.8849715], [46.7503067, 24.8849785], [46.7503149, 24.8849999], [46.7503385, 24.8850068], [46.7503466, 24.885021], [46.7503703, 24.8850279], [46.7503783, 24.8850422], [46.750394, 24.885042], [46.7504337, 24.8850702], [46.7505006, 24.8850841], [46.7505515, 24.8850688], [46.7505593, 24.8850615], [46.7506063, 24.8850538], [46.750661, 24.8850317], [46.7506686, 24.8850173], [46.7506844, 24.8850171], [46.7506843, 24.8850099], [46.7506956, 24.8849976], [46.7507459, 24.8849843], [46.7507544, 24.8849733], [46.7507543, 24.8849661], [46.7507673, 24.8849534], [46.7508326, 24.8849437], [46.7508545, 24.88493], [46.7508922, 24.8849222], [46.7509345, 24.8849281], [46.7509744, 24.8849443], [46.75099, 24.8849633], [46.7509902, 24.8849777], [46.7510032, 24.8850132], [46.7510304, 24.8850417], [46.751062, 24.8850556], [46.7510938, 24.8850839], [46.7511533, 24.8850935], [46.7511648, 24.8851046], [46.7511649, 24.8851118], [46.7511767, 24.8851223], [46.7512271, 24.88513], [46.751236, 24.8851396], [46.7512361, 24.8851468], [46.7512598, 24.8851537], [46.7512599, 24.8851608], [46.7512837, 24.8851749], [46.7512918, 24.8851963], [46.7513233, 24.8852335], [46.7513792, 24.8852669], [46.7514502, 24.8852876], [46.7515169, 24.885297], [46.7515523, 24.8852864], [46.7515601, 24.8852791], [46.7515915, 24.8852788], [46.7516383, 24.8852567], [46.7516844, 24.8852078], [46.7517152, 24.885134], [46.7517278, 24.8850617], [46.7517136, 24.8850193], [46.7516976, 24.8850052], [46.7516973, 24.8849837], [46.7516894, 24.8849766], [46.7516781, 24.8849471], [46.7516878, 24.884862], [46.7516794, 24.8848262], [46.7516557, 24.8848193], [46.7516557, 24.8848158], [46.7516556, 24.8848122], [46.7516005, 24.8847985], [46.7516004, 24.8847913], [46.7515689, 24.8847917], [46.7515688, 24.8847845], [46.7515588, 24.8847771], [46.7515059, 24.8847781], [46.7514821, 24.8847641], [46.7514586, 24.8847643], [46.7514346, 24.8847359], [46.7514174, 24.8846988], [46.7514112, 24.8846531], [46.7514318, 24.8845353], [46.7514393, 24.8845137], [46.7514472, 24.8845136], [46.7514471, 24.8845065], [46.7514706, 24.8845062], [46.7514938, 24.8844773], [46.7515483, 24.8844408], [46.7515714, 24.8844119], [46.7516027, 24.8843972], [46.7516262, 24.8843969], [46.7517355, 24.8843454], [46.7518139, 24.8843373], [46.7518529, 24.8843154], [46.7518843, 24.884315], [46.7518998, 24.8843005], [46.7519391, 24.8843], [46.7519546, 24.8842855], [46.7520096, 24.8842849], [46.7520173, 24.8842776], [46.7520645, 24.8842771], [46.7520722, 24.8842698], [46.7521076, 24.8842584], [46.7522215, 24.8842681], [46.7523461, 24.8841949], [46.7523943, 24.8841807], [46.7524089, 24.884187], [46.752409, 24.8841942], [46.7524485, 24.8842081], [46.7524644, 24.8842222], [46.752543, 24.8842285], [46.7525667, 24.8842353], [46.7525668, 24.8842425], [46.7525737, 24.8842559], [46.7525924, 24.88426], [46.752716, 24.8842408], [46.7527869, 24.8842543], [46.7528344, 24.8842752], [46.7528505, 24.8843037], [46.7528978, 24.8843175], [46.7528979, 24.8843246], [46.7529373, 24.8843313], [46.7530045, 24.8843342], [46.7531558, 24.8843228], [46.7532201, 24.884328], [46.7533289, 24.8843597], [46.7533384, 24.8843624], [46.75337, 24.8843764], [46.7534301, 24.8844288], [46.7534573, 24.8844399], [46.7534809, 24.8844396], [46.7534888, 24.8844467], [46.753524, 24.8844565], [46.7535988, 24.8844454], [46.7536733, 24.8844456], [46.7536929, 24.8844299], [46.7536928, 24.8844228], [46.7537084, 24.8844154], [46.7537319, 24.8844151], [46.7537318, 24.884408], [46.7537554, 24.8844077], [46.7538078, 24.8843979], [46.7538414, 24.884378], [46.7538568, 24.8843563], [46.7538841, 24.8843375], [46.7539192, 24.8843269], [46.7539507, 24.8843266], [46.7539901, 24.8843404], [46.7540381, 24.8843972], [46.7540932, 24.8844037], [46.7541168, 24.8844106], [46.7541169, 24.8844178], [46.7541484, 24.8844174], [46.7541564, 24.8844317], [46.7541772, 24.8844448], [46.7542511, 24.8844592], [46.7542828, 24.8844803], [46.75433, 24.8844869], [46.754338, 24.884494], [46.7543694, 24.8844936], [46.754409, 24.8845147], [46.7544326, 24.8845144], [46.7544607, 24.8845261], [46.7544722, 24.8845426], [46.7544723, 24.8845498], [46.754488, 24.8845496], [46.7545121, 24.8845851], [46.7545278, 24.8845849], [46.7545436, 24.8845919], [46.7545437, 24.8845991], [46.7545753, 24.8846059], [46.7546306, 24.8846339], [46.7546699, 24.8846334], [46.7546779, 24.8846405], [46.7547108, 24.8846572], [46.7547497, 24.8846619], [46.7548123, 24.88465]]]}}, {"type": "Feature", "properties": {"name": "Phase 5 Boundary", "layer": "Phase-5-Bound"}, "geometry": {"type": "Polygon", "coordinates": [[[46.7497255, 24.8809759], [46.7500043, 24.8813156], [46.7499567, 24.8813481], [46.749933, 24.8813643], [46.7505142, 24.8820725], [46.7507988, 24.8824194], [46.7508802, 24.8823639], [46.7509294, 24.8823303], [46.7510603, 24.8822409], [46.7511303, 24.8823263], [46.7511611, 24.8823638], [46.751205, 24.8824226], [46.7512786, 24.8825213], [46.7516948, 24.8825325], [46.7520967, 24.8825437], [46.7520967, 24.8825437], [46.7521147, 24.8825445], [46.7521325, 24.8825464], [46.7521502, 24.8825492], [46.7521677, 24.8825531], [46.7521848, 24.882558], [46.7522016, 24.8825639], [46.7522179, 24.8825707], [46.7522338, 24.8825784], [46.7522859, 24.8826071], [46.7522859, 24.8826071], [46.7523844, 24.8826569], [46.7524861, 24.8827012], [46.7525906, 24.8827397], [46.7526975, 24.8827723], [46.7528063, 24.882799], [46.7529167, 24.8828195], [46.7530283, 24.8828339], [46.7530283, 24.8828339], [46.7530804, 24.8828311], [46.7530942, 24.8828432], [46.7530963, 24.8828405], [46.7531125, 24.8828507], [46.7532374, 24.882891], [46.7533359, 24.8829078], [46.753511, 24.8829172], [46.7537679, 24.8829027], [46.7539908, 24.8828811], [46.754173, 24.8828501], [46.7542774, 24.882825], [46.7543139, 24.8828009], [46.7543513, 24.8827644], [46.7543611, 24.8827548], [46.7543813, 24.8827538], [46.7546283, 24.8827408], [46.7547497, 24.8846619], [46.7547546, 24.8846625], [46.7548664, 24.8846383], [46.7548976, 24.8846236], [46.7550075, 24.8846151], [46.7550387, 24.8846004], [46.755103, 24.8846053], [46.7551241, 24.8846069], [46.7551487, 24.8845991], [46.7551564, 24.8845919], [46.7551878, 24.8845915], [46.7552112, 24.8845769], [46.7552479, 24.8845765], [46.7552588, 24.8845448], [46.7552839, 24.8845342], [46.7553966, 24.8845523], [46.7555013, 24.8845377], [46.7556113, 24.8845364], [46.7557529, 24.884549], [46.7558062, 24.8845572], [46.7558157, 24.8845625], [46.7558157, 24.8845625], [46.7557235, 24.8847647], [46.7556452, 24.8849717], [46.7555809, 24.8851828], [46.7552637, 24.8851962], [46.7552637, 24.8851962], [46.7552737, 24.8852141], [46.7552825, 24.8852325], [46.7552898, 24.8852514], [46.7552958, 24.8852706], [46.7553004, 24.8852902], [46.7553036, 24.8853101], [46.7553053, 24.88533], [46.7553056, 24.8853501], [46.7553045, 24.8853701], [46.7553019, 24.88539], [46.7552979, 24.8854097], [46.7552925, 24.8854291], [46.7552857, 24.8854482], [46.7552776, 24.8854668], [46.7555204, 24.8854565], [46.7555204, 24.8854565], [46.7554954, 24.8856107], [46.7554778, 24.8857659], [46.7554778, 24.8857659], [46.7554653, 24.8860051], [46.7554702, 24.8862445], [46.7554927, 24.8864831], [46.7555325, 24.8867199], [46.7555895, 24.8869536], [46.7556634, 24.8871834], [46.755754, 24.8874082], [46.7558607, 24.887627], [46.7559832, 24.8878388], [46.7561209, 24.8880427], [46.7562732, 24.8882378], [46.7562732, 24.8882378], [46.7564208, 24.8884045], [46.7565791, 24.8885629], [46.7567475, 24.8887123], [46.7569255, 24.8888522], [46.7571124, 24.8889821], [46.7573075, 24.8891015], [46.7575101, 24.8892099], [46.7575101, 24.8892099], [46.7577267, 24.8893103], [46.7579496, 24.8893982], [46.7579496, 24.8893982], [46.7582001, 24.88948], [46.758456, 24.8895462], [46.7587163, 24.8895965], [46.7589797, 24.8896307], [46.759245, 24.8896487], [46.759511, 24.8896502], [46.7597765, 24.8896354], [46.7600404, 24.8896044], [46.7603013, 24.8895571], [46.7605582, 24.889494], [46.7608098, 24.8894152], [46.761055, 24.8893211], [46.7612927, 24.8892121], [46.7615218, 24.8890888], [46.7615218, 24.8890888], [46.7617344, 24.8889566], [46.7619371, 24.8888121], [46.762129, 24.8886558], [46.7623093, 24.8884884], [46.7624772, 24.8883105], [46.762632, 24.8881231], [46.762773, 24.8879268], [46.7628997, 24.8877225], [46.7630114, 24.8875111], [46.7631078, 24.8872935], [46.7631883, 24.8870706], [46.7632527, 24.8868434], [46.7633007, 24.8866129], [46.7633007, 24.8866129], [46.7633321, 24.8863801], [46.7633469, 24.8861461], [46.763345, 24.8859116], [46.7633264, 24.8856777], [46.7632912, 24.8854454], [46.7632396, 24.8852157], [46.7632396, 24.8852157], [46.7631945, 24.8850594], [46.7632888, 24.8849535], [46.7633403, 24.8848872], [46.7633661, 24.884863], [46.763418, 24.8848265], [46.7635087, 24.8847657], [46.7635438, 24.8847376], [46.7635887, 24.8847197], [46.7636714, 24.8846981], [46.7636909, 24.8846859], [46.7637039, 24.8846798], [46.763838, 24.8846338], [46.7638753, 24.8846275], [46.7639572, 24.8846136], [46.7639778, 24.8846049], [46.7641283, 24.8845972], [46.7641696, 24.884594], [46.7641805, 24.8845846], [46.7641804, 24.8845786], [46.7642262, 24.8845781], [46.7642327, 24.884572], [46.7642718, 24.8845575], [46.7643956, 24.8845716], [46.764442, 24.8845576], [46.7644549, 24.8845455], [46.7644892, 24.8845451], [46.7645073, 24.8845449], [46.7645333, 24.8845327], [46.764638, 24.8845314], [46.7646902, 24.8845189], [46.7648145, 24.8845114], [46.7651278, 24.8845181], [46.7652596, 24.8845062], [46.7653184, 24.8844935], [46.7655147, 24.8844912], [46.7655669, 24.8844786], [46.7656324, 24.8844779], [46.7656649, 24.8844655], [46.7657499, 24.8844586], [46.7658543, 24.8844275], [46.765887, 24.8844271], [46.7658869, 24.8844211], [46.7659065, 24.8844209], [46.7659064, 24.8844149], [46.7659125, 24.8844017], [46.7659297, 24.884396], [46.7659497, 24.8843969], [46.7658452, 24.8846374], [46.7657827, 24.8847689], [46.7657188, 24.8848999], [46.7656528, 24.8850301], [46.7655762, 24.8851737], [46.7655497, 24.8852234], [46.7654773, 24.8853507], [46.765366, 24.8855403], [46.765283, 24.8856737], [46.7652448, 24.885735], [46.7651451, 24.8858887], [46.7651238, 24.8859193], [46.7649965, 24.8861028], [46.7648714, 24.886274], [46.7647283, 24.8864691], [46.7645678, 24.8866862], [46.7644146, 24.8868964], [46.7642925, 24.8870692], [46.7641414, 24.8872781], [46.7639256, 24.887566], [46.7637156, 24.887836], [46.7635526, 24.8880378], [46.7633767, 24.8882418], [46.7632042, 24.8884408], [46.7629738, 24.8886979], [46.7615247, 24.8900287], [46.7612544, 24.8902384], [46.7612009, 24.890279], [46.7609676, 24.8904561], [46.7607605, 24.8906071], [46.7604884, 24.8907984], [46.7602361, 24.8909691], [46.7599397, 24.8911606], [46.7597525, 24.8912756], [46.7596831, 24.8913171], [46.7595965, 24.8913689], [46.7595272, 24.8914085], [46.7591931, 24.891598], [46.7589508, 24.8917364], [46.7587293, 24.8918657], [46.7585321, 24.8919803], [46.7582986, 24.8921094], [46.7580791, 24.8922255], [46.7578991, 24.892317], [46.7577258, 24.8924011], [46.7575865, 24.8924675], [46.7574823, 24.8925179], [46.7573326, 24.8925854], [46.7572567, 24.8926187], [46.7571025, 24.8926867], [46.7570404, 24.8927137], [46.7569782, 24.8927408], [46.7569694, 24.8927446], [46.7562519, 24.8930093], [46.7559871, 24.8931038], [46.7557371, 24.8931967], [46.7554147, 24.8933004], [46.7550841, 24.8933997], [46.7545742, 24.8935296], [46.754536, 24.8935384], [46.7544787, 24.8935514], [46.754412, 24.8935669], [46.7543834, 24.8935735], [46.7543643, 24.8935779], [46.7543533, 24.8935804], [46.754307, 24.8935908], [46.7542879, 24.8935952], [46.7542689, 24.8935996], [46.7542498, 24.893604], [46.7542307, 24.8936083], [46.7542116, 24.8936127], [46.7541925, 24.8936169], [46.7541829, 24.8936191], [46.7541734, 24.8936212], [46.7541542, 24.8936254], [46.7541447, 24.8936275], [46.7541255, 24.8936317], [46.754116, 24.8936338], [46.7540968, 24.8936379], [46.7540873, 24.89364], [46.7540777, 24.8936421], [46.7540585, 24.8936462], [46.754049, 24.8936482], [46.7540298, 24.8936523], [46.7540106, 24.8936563], [46.754001, 24.8936583], [46.7539914, 24.8936603], [46.7539722, 24.8936642], [46.7539626, 24.8936662], [46.7539434, 24.8936701], [46.7539338, 24.893672], [46.7539146, 24.8936759], [46.7538955, 24.89368], [46.7538763, 24.8936841], [46.7538571, 24.8936882], [46.7538475, 24.8936902], [46.7538379, 24.8936922], [46.7538284, 24.8936942], [46.7538092, 24.8936981], [46.7537899, 24.8937019], [46.7537707, 24.8937056], [46.7537514, 24.8937093], [46.7537418, 24.8937111], [46.7537322, 24.893713], [46.7537225, 24.8937148], [46.7537033, 24.8937185], [46.753684, 24.8937221], [46.7536122, 24.8937356], [46.7536069, 24.8937366], [46.7535973, 24.8937384], [46.753578, 24.8937419], [46.7535394, 24.8937489], [46.7534814, 24.8937593], [46.7534429, 24.8937663], [46.7533945, 24.8937747], [46.7533559, 24.8937813], [46.7533268, 24.8937862], [46.7532688, 24.8937959], [46.7532204, 24.893804], [46.753172, 24.893812], [46.7531332, 24.8938183], [46.7531041, 24.8938227], [46.752296, 24.8939295], [46.7519045, 24.8939655], [46.751581, 24.8939897], [46.7512079, 24.8940109], [46.7509031, 24.89402], [46.7504902, 24.8940279], [46.7500378, 24.8940236], [46.749792, 24.8940181], [46.7495268, 24.8940061], [46.7491147, 24.8939816], [46.7487719, 24.8939532], [46.7482544, 24.8938973], [46.7480011, 24.8938655], [46.7476904, 24.89382], [46.7475548, 24.8937987], [46.7473325, 24.8937609], [46.747111, 24.8937194], [46.7469384, 24.8936837], [46.7467652, 24.8936505], [46.7465352, 24.8936025], [46.746411, 24.893575], [46.7462112, 24.8935275], [46.7460026, 24.8934753], [46.7456631, 24.893384], [46.7453908, 24.8933069], [46.7452137, 24.8932527], [46.7450463, 24.8932003], [46.7448609, 24.8931406], [46.7447037, 24.8930889], [46.7445471, 24.8930355], [46.7443548, 24.8929671], [46.7440994, 24.8928732], [46.7438376, 24.8927701], [46.7435799, 24.8926587], [46.7433725, 24.8925763], [46.7431968, 24.8924956], [46.7429677, 24.8923923], [46.7427583, 24.8922929], [46.742663, 24.8922462], [46.7424627, 24.8921474], [46.7422103, 24.8920227], [46.7420445, 24.8919418], [46.7418359, 24.8918382], [46.741531, 24.8916883], [46.7413657, 24.8916065], [46.7411654, 24.8915078], [46.7410449, 24.8914508], [46.7409275, 24.8910939], [46.7413056, 24.8904554], [46.7417898, 24.8894911], [46.7419144, 24.8892807], [46.7428377, 24.8877214], [46.7428377, 24.8877214], [46.7428609, 24.8877192], [46.7428838, 24.8877156], [46.7429064, 24.8877105], [46.7429286, 24.8877041], [46.7429502, 24.8876962], [46.7429712, 24.887687], [46.7429914, 24.8876764], [46.7430107, 24.8876646], [46.7430292, 24.8876517], [46.7430465, 24.8876375], [46.7430628, 24.8876224], [46.7430779, 24.8876062], [46.7430917, 24.8875891], [46.7431041, 24.8875711], [46.7431152, 24.8875525], [46.7431248, 24.8875331], [46.7431329, 24.8875132], [46.7431395, 24.8874928], [46.7431445, 24.8874721], [46.7431479, 24.8874511], [46.7431497, 24.8874299], [46.7431499, 24.8874087], [46.7431485, 24.8873875], [46.7431454, 24.8873665], [46.7431408, 24.8873457], [46.7431346, 24.8873252], [46.7431268, 24.8873052], [46.7431176, 24.8872857], [46.7431068, 24.8872669], [46.7434883, 24.8866226], [46.7436598, 24.886333], [46.7445473, 24.8848341], [46.7446277, 24.8847], [46.7446277, 24.8847], [46.7447069, 24.8845758], [46.7447953, 24.8844568], [46.7448925, 24.8843437], [46.744998, 24.884237], [46.7451114, 24.8841372], [46.7452321, 24.8840448], [46.7455032, 24.8838591], [46.7455032, 24.8838591], [46.7455252, 24.883866], [46.7455477, 24.8838715], [46.7455705, 24.8838756], [46.7455936, 24.8838782], [46.7456169, 24.8838793], [46.7456401, 24.883879], [46.7456633, 24.8838771], [46.7456863, 24.8838739], [46.745709, 24.8838691], [46.7457313, 24.883863], [46.745753, 24.8838554], [46.7457742, 24.8838465], [46.7457945, 24.8838362], [46.7458141, 24.8838247], [46.7458327, 24.883812], [46.7458504, 24.8837981], [46.7458669, 24.8837832], [46.7458822, 24.8837672], [46.7458963, 24.8837503], [46.7459091, 24.8837325], [46.7459204, 24.883714], [46.7459304, 24.8836948], [46.7459388, 24.883675], [46.7459457, 24.8836547], [46.7459511, 24.8836341], [46.7459549, 24.8836131], [46.745957, 24.883592], [46.7459576, 24.8835708], [46.7459565, 24.8835496], [46.746007, 24.8835151], [46.7462116, 24.8833754], [46.7467424, 24.8830129], [46.7468216, 24.8829588], [46.7472732, 24.8826505], [46.7474865, 24.8825048], [46.7475059, 24.8824601], [46.7475523, 24.8824094], [46.7476018, 24.8823776], [46.7476459, 24.8823653], [46.7476616, 24.8823651], [46.7476615, 24.8823579], [46.7476772, 24.8823506], [46.7477085, 24.8823431], [46.7477084, 24.8823359], [46.7477168, 24.8823281], [46.7477537, 24.8823224], [46.7497255, 24.8809759]]]}}, {"type": "Feature", "properties": {"name": "Phase 4 Boundary", "layer": "Phase-4-Bound"}, "geometry": {"type": "Polygon", "coordinates": [[[46.732312, 24.8742495], [46.7316287, 24.8754083], [46.7312983, 24.8759687], [46.7310221, 24.8764371], [46.7310221, 24.8764371], [46.7310319, 24.876454], [46.7310405, 24.8764715], [46.7310478, 24.8764895], [46.731054, 24.8765078], [46.7310588, 24.8765265], [46.7310624, 24.8765454], [46.7310646, 24.8765645], [46.7310655, 24.8765836], [46.7310655, 24.8765836], [46.731065, 24.8766047], [46.731063, 24.8766256], [46.7310593, 24.8766464], [46.7310541, 24.8766669], [46.7310473, 24.876687], [46.7310391, 24.8767066], [46.7310293, 24.8767257], [46.7310182, 24.8767441], [46.7310057, 24.8767617], [46.7309919, 24.8767786], [46.7309768, 24.8767945], [46.7309606, 24.8768095], [46.7309433, 24.8768234], [46.730925, 24.8768361], [46.7309058, 24.8768477], [46.7308857, 24.8768581], [46.7308649, 24.8768672], [46.7308435, 24.8768749], [46.7308215, 24.8768813], [46.7307991, 24.8768863], [46.7307764, 24.8768898], [46.7307535, 24.876892], [46.7307375, 24.876919], [46.7306324, 24.8770969], [46.7304229, 24.8774513], [46.728824, 24.8801562], [46.7288146, 24.880172], [46.7287846, 24.8802228], [46.7287846, 24.8802228], [46.7287952, 24.8802413], [46.7288044, 24.8802605], [46.7288121, 24.8802801], [46.7288183, 24.8803002], [46.728823, 24.8803206], [46.7288261, 24.8803413], [46.7288277, 24.8803621], [46.7288278, 24.8803829], [46.7288263, 24.8804038], [46.7288232, 24.8804244], [46.7288186, 24.8804449], [46.7288124, 24.880465], [46.7288048, 24.8804846], [46.7287957, 24.8805038], [46.7287852, 24.8805223], [46.7287733, 24.8805402], [46.7287601, 24.8805572], [46.7287457, 24.8805734], [46.7287301, 24.8805887], [46.7287134, 24.8806029], [46.7286957, 24.8806161], [46.728677, 24.8806281], [46.7286575, 24.880639], [46.7286371, 24.8806486], [46.7286162, 24.8806569], [46.7285946, 24.8806639], [46.7285726, 24.8806695], [46.7285502, 24.8806737], [46.7285275, 24.8806766], [46.7285047, 24.880678], [46.7284818, 24.880678], [46.7268702, 24.8834044], [46.7268702, 24.8834044], [46.7268709, 24.8834156], [46.7268707, 24.8834269], [46.7268697, 24.8834382], [46.7268678, 24.8834494], [46.7268651, 24.8834604], [46.7268615, 24.8834712], [46.7268572, 24.8834818], [46.726852, 24.8834921], [46.726846, 24.883502], [46.7268394, 24.8835115], [46.726832, 24.8835206], [46.7268239, 24.8835292], [46.7268152, 24.8835372], [46.7268059, 24.8835447], [46.7267961, 24.8835515], [46.7267857, 24.8835578], [46.7267749, 24.8835633], [46.7267638, 24.8835682], [46.7267522, 24.8835723], [46.7267404, 24.8835757], [46.7267284, 24.8835784], [46.7267161, 24.8835802], [46.7267038, 24.8835813], [46.7266914, 24.8835816], [46.726679, 24.8835812], [46.7266667, 24.8835799], [46.7266546, 24.8835779], [46.7266425, 24.883575], [46.7266308, 24.8835715], [46.7266193, 24.8835672], [46.7266082, 24.8835622], [46.7265145, 24.8837207], [46.726645, 24.88386], [46.7267238, 24.8839391], [46.7268538, 24.8840608], [46.7269802, 24.8841736], [46.7270975, 24.8842691], [46.727164, 24.8843222], [46.7272515, 24.8843942], [46.7273078, 24.8844444], [46.7273916, 24.8845202], [46.7274296, 24.8845477], [46.7274991, 24.8846106], [46.7276562, 24.8847339], [46.7277803, 24.884828], [46.7278752, 24.8849004], [46.7280076, 24.8850087], [46.7280858, 24.8850632], [46.7282904, 24.8852031], [46.7284177, 24.8852876], [46.7285946, 24.8854012], [46.7287001, 24.885467], [46.7288308, 24.885547], [46.7289212, 24.8856011], [46.7290555, 24.8856761], [46.7292159, 24.8857633], [46.7293838, 24.8858564], [46.7295526, 24.8859481], [46.7297487, 24.8860503], [46.7299293, 24.886141], [46.7303509, 24.8863569], [46.7306428, 24.8864908], [46.7307579, 24.8865433], [46.7310446, 24.886686], [46.7313378, 24.8868367], [46.7316934, 24.8870151], [46.7319961, 24.8871688], [46.7321776, 24.8872612], [46.7325661, 24.88746], [46.7328598, 24.8876098], [46.7331278, 24.8877461], [46.733387, 24.8878784], [46.7336891, 24.8880329], [46.7340695, 24.8882265], [46.7351184, 24.8887139], [46.7351447, 24.8887264], [46.7358132, 24.8890358], [46.7362659, 24.8892359], [46.7374357, 24.8897236], [46.7381326, 24.890033], [46.738486, 24.8901988], [46.7394375, 24.8906645], [46.7400857, 24.890982], [46.7410449, 24.8914508], [46.7409275, 24.8910939], [46.7413056, 24.8904554], [46.7417898, 24.8894911], [46.7419144, 24.8892807], [46.7428377, 24.8877214], [46.7428377, 24.8877214], [46.7428609, 24.8877192], [46.7428838, 24.8877156], [46.7429064, 24.8877105], [46.7429286, 24.8877041], [46.7429502, 24.8876962], [46.7429712, 24.887687], [46.7429914, 24.8876764], [46.7430107, 24.8876646], [46.7430292, 24.8876517], [46.7430465, 24.8876375], [46.7430628, 24.8876224], [46.7430779, 24.8876062], [46.7430917, 24.8875891], [46.7431041, 24.8875711], [46.7431152, 24.8875525], [46.7431248, 24.8875331], [46.7431329, 24.8875132], [46.7431395, 24.8874928], [46.7431445, 24.8874721], [46.7431479, 24.8874511], [46.7431497, 24.8874299], [46.7431499, 24.8874087], [46.7431485, 24.8873875], [46.7431454, 24.8873665], [46.7431408, 24.8873457], [46.7431346, 24.8873252], [46.7431268, 24.8873052], [46.7431176, 24.8872857], [46.7431068, 24.8872669], [46.7434883, 24.8866226], [46.7436598, 24.886333], [46.7445473, 24.8848341], [46.7446277, 24.8847], [46.7446277, 24.8847], [46.7447069, 24.8845758], [46.7447953, 24.8844568], [46.7448925, 24.8843437], [46.744998, 24.884237], [46.7451114, 24.8841372], [46.7452321, 24.8840448], [46.7455032, 24.8838591], [46.7455032, 24.8838591], [46.7455252, 24.883866], [46.7455477, 24.8838715], [46.7455705, 24.8838756], [46.7455936, 24.8838782], [46.7456169, 24.8838793], [46.7456401, 24.883879], [46.7456633, 24.8838771], [46.7456863, 24.8838739], [46.745709, 24.8838691], [46.7457313, 24.883863], [46.745753, 24.8838554], [46.7457742, 24.8838465], [46.7457945, 24.8838362], [46.7458141, 24.8838247], [46.7458327, 24.883812], [46.7458504, 24.8837981], [46.7458669, 24.8837832], [46.7458822, 24.8837672], [46.7458963, 24.8837503], [46.7459091, 24.8837325], [46.7459204, 24.883714], [46.7459304, 24.8836948], [46.7459388, 24.883675], [46.7459457, 24.8836547], [46.7459511, 24.8836341], [46.7459549, 24.8836131], [46.745957, 24.883592], [46.7459576, 24.8835708], [46.7459565, 24.8835496], [46.746007, 24.8835151], [46.7462116, 24.8833754], [46.7467424, 24.8830129], [46.7468216, 24.8829588], [46.7472732, 24.8826505], [46.7474865, 24.8825048], [46.7475059, 24.8824601], [46.7475523, 24.8824094], [46.7476018, 24.8823776], [46.7476459, 24.8823653], [46.7476616, 24.8823651], [46.7476615, 24.8823579], [46.7476772, 24.8823506], [46.7477085, 24.8823431], [46.7477084, 24.8823359], [46.7477168, 24.8823281], [46.7477537, 24.8823224], [46.7500679, 24.8807421], [46.7500576, 24.8807067], [46.7500351, 24.880676], [46.7499995, 24.8806477], [46.7498661, 24.8805836], [46.7497609, 24.8805458], [46.7497533, 24.880551], [46.7495533, 24.8806876], [46.749322, 24.8804057], [46.7491529, 24.8801996], [46.7491529, 24.8801996], [46.7491362, 24.8801439], [46.7491227, 24.8800875], [46.7491126, 24.8800305], [46.7491058, 24.8799731], [46.7491058, 24.8799731], [46.749102, 24.8799411], [46.7490959, 24.8799093], [46.7490874, 24.8798781], [46.7490766, 24.8798474], [46.7490636, 24.8798174], [46.7490485, 24.8797883], [46.7490312, 24.8797602], [46.7490119, 24.8797332], [46.7489906, 24.8797075], [46.7489675, 24.8796831], [46.7489426, 24.8796602], [46.7489161, 24.8796389], [46.7488881, 24.8796192], [46.7483408, 24.8792697], [46.7483408, 24.8792697], [46.7482924, 24.8792356], [46.7482466, 24.8791987], [46.7482036, 24.8791591], [46.7481636, 24.879117], [46.7481293, 24.879074], [46.7481293, 24.879074], [46.7480754, 24.8790048], [46.748017, 24.8789388], [46.7479542, 24.8788761], [46.7478873, 24.8788172], [46.7478873, 24.8788172], [46.7478128, 24.8787626], [46.7477746, 24.8786914], [46.747769, 24.8786809], [46.7476923, 24.8786822], [46.7476698, 24.8786244], [46.7475399, 24.8782643], [46.74772, 24.8782102], [46.7476146, 24.8770278], [46.7476082, 24.8769558], [46.7475882, 24.8767308], [46.7462117, 24.8768329], [46.7459181, 24.8768546], [46.7457714, 24.8768655], [46.7457223, 24.8768691], [46.7457223, 24.8768691], [46.745653, 24.8768726], [46.7455836, 24.8768729], [46.7455143, 24.8768698], [46.7455143, 24.8768698], [46.7454792, 24.8768671], [46.7454792, 24.8768671], [46.7454482, 24.8768639], [46.745141, 24.8774864], [46.745019, 24.8777336], [46.7454335, 24.8778956], [46.7454285, 24.8779338], [46.7454366, 24.8779552], [46.7454842, 24.8779904], [46.7453204, 24.8779878], [46.7452837, 24.8779749], [46.7452283, 24.8779468], [46.7451926, 24.8779186], [46.7451525, 24.8778653], [46.7451288, 24.8778513], [46.7450618, 24.8778341], [46.7450186, 24.8778346], [46.744999, 24.877842], [46.7449953, 24.8778564], [46.7450112, 24.8778705], [46.7450822, 24.8778876], [46.745102, 24.8779053], [46.7451172, 24.8779346], [46.7451219, 24.8779846], [46.7448969, 24.8779809], [46.7439145, 24.8779651], [46.7438886, 24.8779646], [46.7432468, 24.8779532], [46.7432374, 24.8779556], [46.7428537, 24.8780547], [46.7426889, 24.8780972], [46.7419101, 24.8781775], [46.7418287, 24.8781859], [46.7415634, 24.8776978], [46.7410257, 24.8770104], [46.7410152, 24.876997], [46.7401727, 24.8768104], [46.7400003, 24.8769248], [46.7398662, 24.8771965], [46.7397938, 24.8773432], [46.7397911, 24.8773435], [46.73972, 24.877352], [46.7394214, 24.8773877], [46.739241, 24.8774093], [46.7391868, 24.8773361], [46.7385995, 24.8774085], [46.7385347, 24.8773265], [46.7385161, 24.877303], [46.738292, 24.8774484], [46.7381799, 24.8775212], [46.7370724, 24.8768661], [46.7365659, 24.8768126], [46.7361523, 24.8767689], [46.735408, 24.8766903], [46.7348941, 24.8766361], [46.7347061, 24.8764634], [46.7345288, 24.8763007], [46.7341934, 24.8759928], [46.7341685, 24.8759742], [46.7340172, 24.8758615], [46.7337127, 24.8757953], [46.7336421, 24.8755307], [46.7334652, 24.8754932], [46.7334486, 24.87543], [46.733407, 24.8752709], [46.7330271, 24.8749221], [46.7328654, 24.8747736], [46.7325049, 24.8744323], [46.732312, 24.8742495]]]}}, {"type": "Feature", "properties": {"name": "Phase 3 Boundary", "layer": "Phase-3-Bound"}, "geometry": {"type": "Polygon", "coordinates": [[[46.732312, 24.8742495], [46.7325049, 24.8744323], [46.7328654, 24.8747736], [46.7330271, 24.8749221], [46.733407, 24.8752709], [46.7334486, 24.87543], [46.7334652, 24.8754932], [46.7336421, 24.8755307], [46.7337127, 24.8757953], [46.7340172, 24.8758615], [46.7341685, 24.8759742], [46.7341934, 24.8759928], [46.7345288, 24.8763007], [46.7347061, 24.8764634], [46.7348941, 24.8766361], [46.735408, 24.8766903], [46.7361523, 24.8767689], [46.7365659, 24.8768126], [46.7370724, 24.8768661], [46.7381799, 24.8775212], [46.738292, 24.8774484], [46.7385161, 24.877303], [46.7385347, 24.8773265], [46.7385995, 24.8774085], [46.7391868, 24.8773361], [46.739241, 24.8774093], [46.7394214, 24.8773877], [46.73972, 24.877352], [46.7397911, 24.8773435], [46.7397938, 24.8773432], [46.7398662, 24.8771965], [46.7400003, 24.8769248], [46.7401727, 24.8768104], [46.7410152, 24.876997], [46.7410257, 24.8770104], [46.7415634, 24.8776978], [46.7418287, 24.8781859], [46.7419101, 24.8781775], [46.7426889, 24.8780972], [46.7428537, 24.8780547], [46.7432374, 24.8779556], [46.7432468, 24.8779532], [46.7438886, 24.8779646], [46.7439145, 24.8779651], [46.7448969, 24.8779809], [46.7451219, 24.8779846], [46.7451172, 24.8779346], [46.745102, 24.8779053], [46.7450822, 24.8778876], [46.7450112, 24.8778705], [46.7449953, 24.8778564], [46.744999, 24.877842], [46.7450186, 24.8778346], [46.7450618, 24.8778341], [46.7451288, 24.8778513], [46.7451525, 24.8778653], [46.7451926, 24.8779186], [46.7452283, 24.8779468], [46.7452837, 24.8779749], [46.7453204, 24.8779878], [46.7454842, 24.8779904], [46.7454366, 24.8779552], [46.7454285, 24.8779338], [46.7454335, 24.8778956], [46.745019, 24.8777336], [46.745141, 24.8774864], [46.7454482, 24.8768639], [46.7454482, 24.8768639], [46.7454792, 24.8768671], [46.7454792, 24.8768671], [46.7455143, 24.8768698], [46.7455143, 24.8768698], [46.7455836, 24.8768729], [46.745653, 24.8768726], [46.7457223, 24.8768691], [46.7457714, 24.8768655], [46.7459181, 24.8768546], [46.7462117, 24.8768329], [46.7473113, 24.8767514], [46.7473099, 24.8766481], [46.7472935, 24.8765655], [46.7472615, 24.8764695], [46.7472407, 24.8764305], [46.7471539, 24.8762677], [46.7471322, 24.8761187], [46.747125, 24.875994], [46.7471227, 24.8759546], [46.7471247, 24.8758778], [46.7471273, 24.8757724], [46.7471573, 24.8755209], [46.7472182, 24.8752518], [46.7472451, 24.8751681], [46.7472935, 24.875018], [46.7473766, 24.8748737], [46.7475189, 24.8747526], [46.7475822, 24.8746749], [46.7475879, 24.8746656], [46.7476067, 24.8746346], [46.7476722, 24.8745264], [46.7476722, 24.8745264], [46.7476938, 24.8744909], [46.7477498, 24.8744154], [46.7478111, 24.874352], [46.7478724, 24.8742886], [46.7479827, 24.8741926], [46.7480731, 24.874131], [46.7481776, 24.87409], [46.7484181, 24.8740433], [46.7485166, 24.8740123], [46.7486444, 24.8739487], [46.7486721, 24.8739317], [46.7487403, 24.8738899], [46.7487894, 24.8738598], [46.7490081, 24.8736775], [46.7490872, 24.8736234], [46.7491685, 24.8735879], [46.7493652, 24.8735272], [46.7494453, 24.8734878], [46.7495278, 24.873425], [46.7496199, 24.8733365], [46.7496486, 24.873308], [46.7496412, 24.873296], [46.7496813, 24.8732755], [46.7497043, 24.8732527], [46.7497358, 24.8731978], [46.7497391, 24.8731373], [46.749741, 24.8731021], [46.7497238, 24.8730654], [46.7496542, 24.8729778], [46.7496253, 24.8728991], [46.7495997, 24.8728291], [46.7495237, 24.8726844], [46.7494586, 24.8725932], [46.749798, 24.8722417], [46.7498008, 24.8722438], [46.7498837, 24.8721536], [46.7500106, 24.8720156], [46.7500864, 24.8720736], [46.7503501, 24.8717867], [46.7506777, 24.8714302], [46.7510592, 24.8710151], [46.7509758, 24.8709513], [46.750081, 24.8702669], [46.7500203, 24.8702205], [46.7499946, 24.8702008], [46.7499946, 24.8702008], [46.7499724, 24.8702066], [46.7499497, 24.8702109], [46.7499268, 24.8702139], [46.7499037, 24.8702153], [46.7498805, 24.8702153], [46.7498574, 24.8702138], [46.7498345, 24.8702109], [46.7498118, 24.8702066], [46.7497896, 24.8702008], [46.7497678, 24.8701936], [46.7497466, 24.8701851], [46.7497261, 24.8701752], [46.7497064, 24.8701641], [46.7496876, 24.8701518], [46.7496698, 24.8701383], [46.7496531, 24.8701237], [46.7496375, 24.8701081], [46.7496231, 24.8700916], [46.74961, 24.8700742], [46.7495982, 24.870056], [46.7495879, 24.8700371], [46.749579, 24.8700176], [46.7495716, 24.8699975], [46.7495658, 24.8699771], [46.7495615, 24.8699564], [46.7495588, 24.8699354], [46.7495577, 24.8699143], [46.7495577, 24.8699143], [46.7495579, 24.8698991], [46.7495589, 24.869884], [46.7495608, 24.8698689], [46.749535, 24.8698493], [46.7494744, 24.8698029], [46.7487464, 24.869246], [46.7484962, 24.8690546], [46.7483066, 24.8689096], [46.7465172, 24.8675406], [46.7464565, 24.8674942], [46.7464308, 24.8674746], [46.7464308, 24.8674746], [46.7464085, 24.8674803], [46.7463859, 24.8674847], [46.7463629, 24.8674876], [46.7463398, 24.8674891], [46.7463167, 24.8674891], [46.7462936, 24.8674876], [46.7462707, 24.8674847], [46.746248, 24.8674803], [46.7462257, 24.8674745], [46.746204, 24.8674674], [46.7461828, 24.8674588], [46.7461623, 24.867449], [46.7461426, 24.8674379], [46.7461238, 24.8674255], [46.746106, 24.8674121], [46.7460892, 24.8673975], [46.7460736, 24.8673819], [46.7460592, 24.8673653], [46.7460461, 24.8673479], [46.7460344, 24.8673297], [46.746024, 24.8673108], [46.7460152, 24.8672913], [46.7460078, 24.8672713], [46.7460019, 24.8672508], [46.7459977, 24.8672301], [46.745995, 24.8672091], [46.7459939, 24.867188], [46.7459939, 24.867188], [46.7459941, 24.8671729], [46.7459951, 24.8671577], [46.7459969, 24.8671427], [46.7459712, 24.867123], [46.7459106, 24.8670766], [46.742726, 24.8646403], [46.7426653, 24.8645939], [46.7426396, 24.8645742], [46.7426396, 24.8645742], [46.7426181, 24.8645798], [46.7425962, 24.8645841], [46.742574, 24.864587], [46.7425517, 24.8645886], [46.7425293, 24.8645888], [46.742507, 24.8645876], [46.7424847, 24.8645851], [46.7424627, 24.8645812], [46.7424411, 24.864576], [46.7424199, 24.8645695], [46.7423992, 24.8645617], [46.7423791, 24.8645526], [46.7423597, 24.8645424], [46.7423412, 24.864531], [46.7423235, 24.8645184], [46.7423067, 24.8645049], [46.742291, 24.8644903], [46.7422764, 24.8644748], [46.742263, 24.8644585], [46.7422508, 24.8644413], [46.7422399, 24.8644235], [46.7422303, 24.864405], [46.7422221, 24.864386], [46.7420809, 24.8643573], [46.7418491, 24.86431], [46.7370215, 24.8633261], [46.7369203, 24.8633054], [46.7368808, 24.8632974], [46.7368808, 24.8632974], [46.7368655, 24.8633105], [46.7368493, 24.8633227], [46.7368323, 24.863334], [46.7368145, 24.8633443], [46.7367961, 24.8633535], [46.7367771, 24.8633617], [46.7367575, 24.8633688], [46.7367575, 24.8633688], [46.7367432, 24.8634266], [46.7367432, 24.8634266], [46.7365405, 24.864175], [46.7363091, 24.8649165], [46.7359618, 24.8659592], [46.7358574, 24.8662726], [46.7357563, 24.8665762], [46.7357517, 24.8665901], [46.7357517, 24.8665901], [46.7357651, 24.8666052], [46.7357775, 24.8666211], [46.7357887, 24.8666376], [46.7357988, 24.8666547], [46.7358076, 24.8666725], [46.7358152, 24.8666906], [46.7358215, 24.8667092], [46.7358265, 24.8667281], [46.7358301, 24.8667473], [46.7358324, 24.8667667], [46.7358334, 24.8667861], [46.7358334, 24.8667861], [46.7358329, 24.8668072], [46.7358308, 24.8668283], [46.7358271, 24.8668492], [46.7358218, 24.8668697], [46.7358149, 24.86689], [46.7358066, 24.8669097], [46.7357968, 24.8669288], [46.7357855, 24.8669473], [46.7357729, 24.866965], [46.7357589, 24.8669819], [46.7357437, 24.8669979], [46.7357274, 24.8670129], [46.7357099, 24.8670268], [46.7356914, 24.8670395], [46.735672, 24.8670511], [46.7356518, 24.8670614], [46.7356308, 24.8670704], [46.7356092, 24.8670781], [46.7355871, 24.8670843], [46.7354398, 24.8675263], [46.7352798, 24.8680067], [46.7352798, 24.8680067], [46.7352337, 24.868142], [46.7352337, 24.868142], [46.735129, 24.8684283], [46.735129, 24.8684283], [46.7351092, 24.8684796], [46.7351092, 24.8684796], [46.7350194, 24.8687028], [46.7349079, 24.8689706], [46.7344694, 24.8700241], [46.7344694, 24.8700241], [46.7343658, 24.8702643], [46.7343658, 24.8702643], [46.7342142, 24.8705886], [46.7338804, 24.8712718], [46.7338444, 24.8713455], [46.7337273, 24.8715852], [46.7337018, 24.8716373], [46.7337018, 24.8716373], [46.7337141, 24.8716553], [46.733725, 24.8716741], [46.7337344, 24.8716935], [46.7337423, 24.8717135], [46.7337486, 24.8717339], [46.7337534, 24.8717547], [46.7337566, 24.8717758], [46.7337582, 24.8717969], [46.7337581, 24.8718182], [46.7337565, 24.8718394], [46.7337532, 24.8718604], [46.7337484, 24.8718811], [46.7337419, 24.8719015], [46.7337339, 24.8719215], [46.7337245, 24.8719409], [46.7337135, 24.8719596], [46.7337012, 24.8719776], [46.7336875, 24.8719948], [46.7336726, 24.8720111], [46.7336564, 24.8720264], [46.7336391, 24.8720406], [46.7336208, 24.8720537], [46.7336015, 24.8720656], [46.7335814, 24.8720762], [46.7335605, 24.8720856], [46.7335389, 24.8720936], [46.7335168, 24.8721002], [46.7334942, 24.8721054], [46.7334713, 24.8721091], [46.7334453, 24.8721624], [46.7333545, 24.8723483], [46.7333545, 24.8723483], [46.733224, 24.8726061], [46.733224, 24.8726061], [46.7331338, 24.8727746], [46.7328304, 24.8733294], [46.7325318, 24.8738753], [46.7325318, 24.8738753], [46.7325083, 24.8739166], [46.732312, 24.8742495]]]}}, {"type": "Feature", "properties": {"name": "Phase 3 - H", "layer": "ZONE"}, "geometry": {"type": "Polygon", "coordinates": [[[46.7337575, 24.8718289], [46.7377057, 24.873451], [46.7377057, 24.873451], [46.7377275, 24.8734592], [46.7377498, 24.873466], [46.7377726, 24.8734714], [46.7377958, 24.8734754], [46.7378192, 24.8734779], [46.7378427, 24.873479], [46.7378663, 24.8734787], [46.7378897, 24.8734769], [46.737913, 24.8734736], [46.737936, 24.873469], [46.7379586, 24.8734629], [46.7379807, 24.8734554], [46.7380022, 24.8734466], [46.738023, 24.8734365], [46.738043, 24.8734252], [46.7380621, 24.8734126], [46.7380802, 24.8733989], [46.7380973, 24.8733841], [46.7381133, 24.8733683], [46.738128, 24.8733515], [46.7381415, 24.8733339], [46.7381536, 24.8733154], [46.7381643, 24.8732963], [46.7397719, 24.8700392], [46.7397719, 24.8700392], [46.7397804, 24.8700224], [46.7397877, 24.8700052], [46.7397938, 24.8699875], [46.7397986, 24.8699696], [46.739802, 24.8699513], [46.7398042, 24.869933], [46.7398051, 24.8699145], [46.7398046, 24.869896], [46.7398028, 24.8698776], [46.7397996, 24.8698593], [46.7397952, 24.8698413], [46.7397895, 24.8698235], [46.7397825, 24.8698061], [46.7397825, 24.8698061], [46.7397771, 24.8697907], [46.739773, 24.8697749], [46.73977, 24.8697588], [46.7397683, 24.8697427], [46.7397678, 24.8697264], [46.7397686, 24.8697102], [46.7397706, 24.869694], [46.7397738, 24.8696781], [46.7397782, 24.8696623], [46.7397838, 24.8696469], [46.7397838, 24.8696469], [46.7397926, 24.8696277], [46.7398, 24.869608], [46.7398059, 24.869588], [46.7398104, 24.8695676], [46.7398134, 24.869547], [46.7398149, 24.8695262], [46.739815, 24.8695054], [46.7398135, 24.8694847], [46.7398106, 24.869464], [46.7398062, 24.8694436], [46.7398004, 24.8694235], [46.7397931, 24.8694038], [46.7393005, 24.868222], [46.7393005, 24.868222], [46.7392908, 24.8682043], [46.73928, 24.8681871], [46.739268, 24.8681705], [46.739255, 24.8681546], [46.739255, 24.8681546], [46.7392417, 24.8681403], [46.7392275, 24.8681268], [46.7392124, 24.868114], [46.7391965, 24.8681022], [46.7391798, 24.8680912], [46.7391625, 24.8680811], [46.7391445, 24.868072], [46.7391445, 24.868072], [46.7391292, 24.8680651], [46.7391145, 24.8680572], [46.7391004, 24.8680485], [46.7390869, 24.868039], [46.7390742, 24.8680287], [46.7390623, 24.8680176], [46.7390511, 24.8680058], [46.7390409, 24.8679934], [46.7390316, 24.8679804], [46.7390232, 24.8679668], [46.7390232, 24.8679668], [46.7390109, 24.8679496], [46.7389974, 24.8679331], [46.7389827, 24.8679174], [46.7389669, 24.8679026], [46.7389501, 24.8678889], [46.7389323, 24.8678761], [46.7389137, 24.8678645], [46.7388943, 24.867854], [46.7388741, 24.8678447], [46.7388533, 24.8678366], [46.738832, 24.8678298], [46.7357793, 24.8669563], [46.7357793, 24.8669563], [46.7357667, 24.8669729], [46.7357528, 24.8669886], [46.7357379, 24.8670035], [46.7357219, 24.8670174], [46.7357049, 24.8670304], [46.7356871, 24.8670423], [46.7356684, 24.8670531], [46.7356489, 24.8670627], [46.7356288, 24.8670712], [46.7356082, 24.8670784], [46.7355871, 24.8670843], [46.7355871, 24.8670843], [46.7350374, 24.8686285], [46.7344085, 24.8701473], [46.7337018, 24.8716373], [46.7337018, 24.8716373], [46.7337135, 24.8716544], [46.733724, 24.8716722], [46.7337331, 24.8716906], [46.7337408, 24.8717095], [46.7337472, 24.8717289], [46.7337522, 24.8717486], [46.7337557, 24.8717685], [46.7337578, 24.8717886], [46.7337584, 24.8718088], [46.7337575, 24.8718289]]]}}, {"type": "Feature", "properties": {"name": "Phase 3 - D", "layer": "ZONE"}, "geometry": {"type": "Polygon", "coordinates": [[[46.748382, 24.8716939], [46.7485727, 24.8714864], [46.74855, 24.871469], [46.7486513, 24.8713587], [46.7486821, 24.8713603], [46.7491894, 24.8708085], [46.7491823, 24.8707811], [46.7491867, 24.8707762], [46.7492967, 24.8706566], [46.7493275, 24.8706582], [46.7495386, 24.8704285], [46.7495396, 24.8703923], [46.7495904, 24.870337], [46.7496292, 24.8702959], [46.7496292, 24.8702959], [46.7496453, 24.8702813], [46.7496624, 24.8702676], [46.7496805, 24.870255], [46.7496994, 24.8702436], [46.7497192, 24.8702333], [46.7497397, 24.8702242], [46.7497608, 24.8702165], [46.7497824, 24.87021], [46.7498044, 24.8702048], [46.7498044, 24.8702048], [46.7498253, 24.8702093], [46.7498464, 24.8702126], [46.7498677, 24.8702147], [46.7498891, 24.8702155], [46.7499105, 24.870215], [46.7499319, 24.8702133], [46.7499531, 24.8702104], [46.749974, 24.8702062], [46.7499946, 24.8702008], [46.7510592, 24.8710151], [46.7500864, 24.8720736], [46.7500106, 24.8720156], [46.7494586, 24.8725932], [46.7490442, 24.8725721], [46.749007, 24.8724749], [46.7489657, 24.8724245], [46.7489657, 24.8724245], [46.748911, 24.8723818], [46.7488538, 24.8723419], [46.7487945, 24.8723047], [46.7487945, 24.8723047], [46.7487604, 24.8722933], [46.7487255, 24.8722839], [46.7486902, 24.8722764], [46.7478699, 24.8722047], [46.748382, 24.8716939]]]}}, {"type": "Feature", "properties": {"name": "Phase 3 - C", "layer": "ZONE"}, "geometry": {"type": "Polygon", "coordinates": [[[46.7464308, 24.8674746], [46.7495608, 24.8698689], [46.7495608, 24.8698689], [46.7495585, 24.8698884], [46.7495577, 24.8699079], [46.7495582, 24.8699275], [46.7495601, 24.869947], [46.7495633, 24.8699663], [46.7495679, 24.8699854], [46.7495739, 24.8700042], [46.7495811, 24.8700226], [46.7495896, 24.8700405], [46.7495896, 24.8700405], [46.7495879, 24.870061], [46.7495847, 24.8700812], [46.7495801, 24.8701013], [46.7495741, 24.870121], [46.7495666, 24.8701403], [46.7495578, 24.8701592], [46.7495477, 24.8701774], [46.7495362, 24.8701951], [46.7495236, 24.870212], [46.7495097, 24.8702281], [46.7494334, 24.8703111], [46.7493937, 24.8703192], [46.7491834, 24.870548], [46.7491905, 24.8705754], [46.7490761, 24.8706999], [46.7490452, 24.8706984], [46.7487892, 24.8709769], [46.7487963, 24.8710043], [46.7486819, 24.8711288], [46.7486511, 24.8711272], [46.7485381, 24.8712501], [46.7485452, 24.8712775], [46.7484438, 24.8713878], [46.7484211, 24.8713704], [46.7482303, 24.8715779], [46.7477019, 24.8721158], [46.7477019, 24.8721158], [46.7476913, 24.8721102], [46.7476803, 24.8721052], [46.7476689, 24.8721008], [46.7476573, 24.8720971], [46.7476454, 24.872094], [46.7476333, 24.8720917], [46.7476211, 24.87209], [46.7476088, 24.8720891], [46.7463054, 24.8720651], [46.7463054, 24.8720651], [46.7462937, 24.8720645], [46.7462822, 24.8720632], [46.7462707, 24.8720612], [46.7462595, 24.8720584], [46.7462485, 24.872055], [46.7462377, 24.8720509], [46.7462273, 24.8720461], [46.7462173, 24.8720407], [46.7462077, 24.8720347], [46.7461986, 24.872028], [46.7461986, 24.872028], [46.7458521, 24.8717598], [46.7451861, 24.8714138], [46.7447199, 24.8711258], [46.7446592, 24.8710794], [46.7439916, 24.8707219], [46.7437845, 24.8705516], [46.7434619, 24.8704983], [46.7434619, 24.8704983], [46.7434666, 24.8704916], [46.7434709, 24.8704845], [46.7434746, 24.8704772], [46.7434778, 24.8704697], [46.7434805, 24.8704621], [46.7434827, 24.8704543], [46.7434843, 24.8704464], [46.7434854, 24.8704384], [46.7434859, 24.8704304], [46.7434858, 24.8704223], [46.7434852, 24.8704143], [46.7434852, 24.8704143], [46.7434848, 24.8704059], [46.7434851, 24.8703975], [46.743486, 24.8703891], [46.7434874, 24.8703808], [46.7434895, 24.8703726], [46.7434922, 24.8703645], [46.7434955, 24.8703566], [46.7434993, 24.8703489], [46.7435037, 24.8703415], [46.7435086, 24.8703344], [46.743514, 24.8703276], [46.7435199, 24.8703211], [46.7435689, 24.8702703], [46.7437224, 24.8701449], [46.7441675, 24.8696629], [46.7452446, 24.868491], [46.7457443, 24.8679473], [46.7460671, 24.8675963], [46.7460671, 24.8675963], [46.746085, 24.8675781], [46.7461042, 24.8675611], [46.7461247, 24.8675453], [46.7461463, 24.8675308], [46.7461689, 24.8675177], [46.7461925, 24.867506], [46.7461925, 24.867506], [46.746215, 24.8674966], [46.7462381, 24.8674884], [46.7462617, 24.8674816], [46.7462617, 24.8674816], [46.7462828, 24.8674854], [46.746304, 24.8674879], [46.7463254, 24.867489], [46.7463468, 24.8674888], [46.7463682, 24.8674872], [46.7463893, 24.8674843], [46.7464102, 24.8674801], [46.7464308, 24.8674746]]]}}, {"type": "Feature", "properties": {"name": "Phase 3 - B", "layer": "ZONE"}, "geometry": {"type": "Polygon", "coordinates": [[[46.7426396, 24.8645742], [46.7459969, 24.8671427], [46.7459969, 24.8671427], [46.7459947, 24.8671625], [46.7459939, 24.8671824], [46.7459944, 24.8672024], [46.7459965, 24.8672222], [46.7459999, 24.8672419], [46.7460048, 24.8672614], [46.746011, 24.8672805], [46.7460186, 24.8672992], [46.7460186, 24.8672992], [46.7460152, 24.8673212], [46.7460103, 24.8673429], [46.746004, 24.8673643], [46.7459963, 24.8673853], [46.7459871, 24.8674058], [46.7459766, 24.8674258], [46.7459647, 24.8674451], [46.7456064, 24.8678417], [46.7436352, 24.8699862], [46.7436352, 24.8699862], [46.743611, 24.8700121], [46.7435883, 24.8700392], [46.7435672, 24.8700673], [46.7435478, 24.8700964], [46.7435106, 24.870154], [46.7434791, 24.8702011], [46.7434322, 24.8702535], [46.7434322, 24.8702535], [46.7434262, 24.87026], [46.7434198, 24.870266], [46.7434129, 24.8702717], [46.7434056, 24.870277], [46.743398, 24.8702818], [46.74339, 24.8702861], [46.7433818, 24.8702899], [46.7433733, 24.8702933], [46.7433645, 24.8702961], [46.7433556, 24.8702983], [46.7433465, 24.8703], [46.7433373, 24.8703012], [46.7433373, 24.8703012], [46.7433281, 24.8703021], [46.7433189, 24.8703036], [46.7433098, 24.8703056], [46.743301, 24.8703081], [46.7432923, 24.8703113], [46.7432839, 24.8703149], [46.7432758, 24.870319], [46.743268, 24.8703237], [46.743268, 24.8703237], [46.7432596, 24.8703286], [46.7432509, 24.8703331], [46.7432419, 24.870337], [46.7432326, 24.8703403], [46.7432231, 24.870343], [46.7432134, 24.8703452], [46.7432036, 24.8703468], [46.7431937, 24.8703478], [46.7431838, 24.8703481], [46.7431738, 24.8703479], [46.7431639, 24.870347], [46.743154, 24.8703455], [46.743154, 24.8703455], [46.7430752, 24.8703251], [46.7429972, 24.8703018], [46.7429972, 24.8703018], [46.7424518, 24.8701088], [46.7424518, 24.8701088], [46.7424282, 24.870101], [46.7424052, 24.8700919], [46.7423827, 24.8700816], [46.7423827, 24.8700816], [46.7423686, 24.8700745], [46.7423548, 24.8700667], [46.7423416, 24.8700582], [46.742329, 24.870049], [46.7423169, 24.8700392], [46.7423169, 24.8700392], [46.7422942, 24.8700186], [46.7422726, 24.8699971], [46.741314, 24.8690598], [46.7405675, 24.8683298], [46.7404408, 24.868206], [46.7404408, 24.868206], [46.7403534, 24.8681207], [46.7403534, 24.8681207], [46.7403002, 24.8680777], [46.7402439, 24.8680381], [46.7401848, 24.868002], [46.7401232, 24.8679696], [46.7400594, 24.8679411], [46.7400594, 24.8679411], [46.7400047, 24.8679239], [46.7399489, 24.8679096], [46.7398923, 24.8678985], [46.7398351, 24.8678904], [46.7398351, 24.8678904], [46.7398182, 24.867888], [46.7398015, 24.8678844], [46.7397852, 24.8678799], [46.7397692, 24.8678743], [46.7397537, 24.8678677], [46.7397387, 24.8678601], [46.7397244, 24.8678517], [46.7397107, 24.8678423], [46.7396978, 24.8678321], [46.7396857, 24.867821], [46.7396744, 24.8678093], [46.7396641, 24.8677968], [46.7396547, 24.8677838], [46.7396464, 24.8677701], [46.7396391, 24.867756], [46.7396329, 24.8677415], [46.7396279, 24.8677266], [46.739624, 24.8677114], [46.7396212, 24.867696], [46.7396197, 24.8676804], [46.7396193, 24.8676648], [46.7396201, 24.8676492], [46.7396221, 24.8676337], [46.7396253, 24.8676184], [46.7396296, 24.8676033], [46.7396351, 24.8675885], [46.7396416, 24.8675741], [46.7396493, 24.8675602], [46.739658, 24.8675467], [46.7396677, 24.8675339], [46.7396784, 24.8675217], [46.7396784, 24.8675217], [46.7398775, 24.8673051], [46.7398775, 24.8673051], [46.7399821, 24.8671913], [46.7399821, 24.8671913], [46.7403763, 24.8667625], [46.7411647, 24.8659047], [46.741559, 24.8654758], [46.741953, 24.8650472], [46.7422612, 24.8647118], [46.7422612, 24.8647118], [46.7422775, 24.8646937], [46.742295, 24.8646765], [46.7423137, 24.8646604], [46.7423335, 24.8646455], [46.7423543, 24.8646317], [46.7423761, 24.8646192], [46.7423987, 24.864608], [46.7424221, 24.8645982], [46.742446, 24.8645898], [46.7424706, 24.8645828], [46.7424706, 24.8645828], [46.7424917, 24.864586], [46.742513, 24.8645881], [46.7425343, 24.8645889], [46.7425557, 24.8645884], [46.742577, 24.8645867], [46.7425982, 24.8645837], [46.7426191, 24.8645796], [46.7426396, 24.8645742]]]}}, {"type": "Feature", "properties": {"name": "Phase 3 - E", "layer": "ZONE"}, "geometry": {"type": "Polygon", "coordinates": [[[46.7446946, 24.8724737], [46.7447273, 24.872486], [46.744759, 24.8725002], [46.7447897, 24.8725163], [46.7448191, 24.8725342], [46.7448471, 24.8725538], [46.7448737, 24.8725751], [46.7448987, 24.872598], [46.7449219, 24.8726223], [46.7449434, 24.8726479], [46.7449629, 24.8726748], [46.7449629, 24.8726748], [46.7455881, 24.8733589], [46.7455881, 24.8733589], [46.7456005, 24.8733716], [46.7456138, 24.8733835], [46.745628, 24.8733945], [46.7456429, 24.8734047], [46.7456586, 24.8734139], [46.7456748, 24.8734221], [46.7456917, 24.8734294], [46.745709, 24.8734355], [46.7457268, 24.8734406], [46.7457449, 24.8734446], [46.7457632, 24.8734475], [46.7457818, 24.8734492], [46.7458004, 24.8734498], [46.745819, 24.8734493], [46.7458375, 24.8734476], [46.7458375, 24.8734476], [46.7461528, 24.8734097], [46.7464701, 24.8733902], [46.746468, 24.8733335], [46.7467647, 24.8733242], [46.7467681, 24.8734145], [46.7492669, 24.8735576], [46.7494453, 24.8734878], [46.7496343, 24.8733222], [46.7497043, 24.8732527], [46.7497358, 24.8731978], [46.749741, 24.8731021], [46.7496542, 24.8729778], [46.7495997, 24.8728291], [46.7494586, 24.8725932], [46.7490442, 24.8725721], [46.749007, 24.8724749], [46.7489657, 24.8724245], [46.7487945, 24.8723047], [46.7486902, 24.8722764], [46.7478699, 24.8722047], [46.7478479, 24.8722005], [46.7478251, 24.8721901], [46.7477019, 24.8721158], [46.7477019, 24.8721158], [46.7476926, 24.8721105], [46.747683, 24.8721058], [46.747673, 24.8721016], [46.7476627, 24.872098], [46.7476522, 24.8720949], [46.7476416, 24.8720925], [46.7476307, 24.8720908], [46.7476198, 24.8720896], [46.7476088, 24.8720891], [46.7463054, 24.8720651], [46.7463054, 24.8720651], [46.7462937, 24.8720645], [46.7462822, 24.8720631], [46.7462708, 24.8720611], [46.7462595, 24.8720584], [46.7462485, 24.8720549], [46.7462377, 24.8720508], [46.7462273, 24.872046], [46.7462173, 24.8720406], [46.7462077, 24.8720346], [46.7461986, 24.872028], [46.7458521, 24.8717598], [46.7451861, 24.8714138], [46.7447199, 24.8711258], [46.7446592, 24.8710794], [46.7439916, 24.8707219], [46.7437845, 24.8705516], [46.7434619, 24.8704983], [46.7434619, 24.8704983], [46.7434619, 24.8704983], [46.7434563, 24.8705053], [46.7434502, 24.8705119], [46.7434436, 24.8705181], [46.7434365, 24.8705239], [46.7434291, 24.8705292], [46.7434212, 24.8705341], [46.743413, 24.8705384], [46.7434046, 24.8705423], [46.7433958, 24.8705456], [46.7433868, 24.8705483], [46.7433776, 24.8705505], [46.7433683, 24.8705521], [46.7433589, 24.8705532], [46.7433495, 24.8705536], [46.74334, 24.8705535], [46.7433306, 24.8705528], [46.7433212, 24.8705515], [46.7433119, 24.8705496], [46.7433029, 24.8705471], [46.743294, 24.8705441], [46.7432853, 24.8705406], [46.743277, 24.8705365], [46.7432689, 24.8705319], [46.7432613, 24.8705268], [46.743254, 24.8705213], [46.7432472, 24.8705153], [46.7432408, 24.8705089], [46.7432408, 24.8705089], [46.7432352, 24.8705019], [46.74323, 24.8704945], [46.7432253, 24.870487], [46.743221, 24.8704791], [46.743221, 24.8704791], [46.7432167, 24.8704711], [46.7432119, 24.8704634], [46.7432064, 24.870456], [46.7432005, 24.8704489], [46.743194, 24.8704422], [46.7431871, 24.8704359], [46.7431798, 24.87043], [46.743172, 24.8704246], [46.7431639, 24.8704196], [46.7431554, 24.8704152], [46.7431466, 24.8704112], [46.7431375, 24.8704078], [46.7431283, 24.870405], [46.7431283, 24.870405], [46.7430206, 24.8703758], [46.7429148, 24.8703413], [46.7423858, 24.870153], [46.7423418, 24.8701331], [46.7423084, 24.8701136], [46.7422717, 24.8700871], [46.7405133, 24.8683695], [46.7403746, 24.8682346], [46.7403746, 24.8682346], [46.7403321, 24.8681959], [46.7402868, 24.86816], [46.740239, 24.8681269], [46.7401888, 24.8680969], [46.7401365, 24.86807], [46.7400823, 24.8680464], [46.7400265, 24.8680262], [46.7399694, 24.8680095], [46.7399111, 24.8679963], [46.739852, 24.8679868], [46.739852, 24.8679868], [46.7396174, 24.8679589], [46.7396174, 24.8679589], [46.7396022, 24.8679576], [46.739587, 24.8679573], [46.7395718, 24.867958], [46.7395566, 24.8679595], [46.7395416, 24.8679621], [46.7395268, 24.8679655], [46.7395123, 24.8679698], [46.7395123, 24.8679698], [46.7395062, 24.8679722], [46.7395003, 24.867975], [46.7394946, 24.8679781], [46.7394891, 24.8679816], [46.739484, 24.8679854], [46.7394791, 24.8679895], [46.7394745, 24.867994], [46.7394703, 24.8679987], [46.7394665, 24.8680036], [46.739463, 24.8680088], [46.73946, 24.8680142], [46.7394574, 24.8680198], [46.7394552, 24.8680256], [46.7394534, 24.8680314], [46.7394521, 24.8680374], [46.7394513, 24.8680434], [46.7394513, 24.8680434], [46.7394501, 24.8680608], [46.7394502, 24.8680783], [46.7394515, 24.8680958], [46.7394541, 24.8681131], [46.7394579, 24.8681302], [46.7394629, 24.8681471], [46.7394691, 24.8681636], [46.7399556, 24.8693323], [46.7399556, 24.8693323], [46.739965, 24.8693529], [46.7399758, 24.8693729], [46.739988, 24.8693923], [46.7400016, 24.8694109], [46.7400164, 24.8694287], [46.7400324, 24.8694456], [46.7400495, 24.8694615], [46.7400678, 24.8694764], [46.740087, 24.8694902], [46.7401072, 24.8695029], [46.7401282, 24.8695143], [46.7401282, 24.8695143], [46.7401437, 24.8695213], [46.7401588, 24.8695291], [46.7401732, 24.8695379], [46.7401869, 24.8695475], [46.7401999, 24.8695579], [46.740212, 24.8695691], [46.7402234, 24.8695811], [46.7402338, 24.8695937], [46.7402433, 24.8696069], [46.7402517, 24.8696207], [46.7402591, 24.869635], [46.7402655, 24.8696496], [46.7402708, 24.8696647], [46.7402749, 24.86968], [46.7402779, 24.8696956], [46.7402797, 24.8697113], [46.7402804, 24.8697271], [46.7402799, 24.8697428], [46.7402782, 24.8697586], [46.7402782, 24.8697586], [46.7402766, 24.8697702], [46.7402759, 24.8697819], [46.7402761, 24.8697937], [46.7402771, 24.8698054], [46.740279, 24.869817], [46.7402818, 24.8698285], [46.7402855, 24.8698397], [46.74029, 24.8698507], [46.7402953, 24.8698614], [46.7403014, 24.8698717], [46.7403083, 24.8698817], [46.7403159, 24.8698911], [46.7403242, 24.8699001], [46.7403331, 24.8699086], [46.7411296, 24.8706122], [46.7411508, 24.870633], [46.7411611, 24.8706443], [46.7411942, 24.8706838], [46.7417977, 24.8714024], [46.7419976, 24.8716405], [46.7419976, 24.8716405], [46.7420095, 24.8716537], [46.7420223, 24.8716662], [46.7420361, 24.8716778], [46.7420506, 24.8716885], [46.7420659, 24.8716983], [46.7420819, 24.8717072], [46.7420985, 24.8717151], [46.7421157, 24.8717219], [46.7421333, 24.8717276], [46.7446946, 24.8724737]]]}}, {"type": "Feature", "properties": {"name": "Phase 3 - F", "layer": "ZONE"}, "geometry": {"type": "Polygon", "coordinates": [[[46.7428356, 24.8752348], [46.7436369, 24.8736053], [46.7437336, 24.8733345], [46.7438204, 24.8731585], [46.7438583, 24.8731741], [46.7439802, 24.8729272], [46.7438899, 24.8728901], [46.7440756, 24.8723597], [46.744671, 24.8725332], [46.744671, 24.8725332], [46.7446919, 24.8725398], [46.7447123, 24.8725476], [46.7447321, 24.8725565], [46.7447512, 24.8725667], [46.7447696, 24.8725778], [46.7447872, 24.8725901], [46.7448038, 24.8726033], [46.7448195, 24.8726175], [46.7448342, 24.8726326], [46.7455235, 24.8733869], [46.7455235, 24.8733869], [46.7455389, 24.8734041], [46.7455556, 24.8734204], [46.7455735, 24.8734355], [46.7455925, 24.8734495], [46.7456125, 24.8734622], [46.7456335, 24.8734736], [46.7456552, 24.8734837], [46.7456777, 24.8734924], [46.7457008, 24.8734996], [46.7457244, 24.8735053], [46.7457484, 24.8735095], [46.7457726, 24.8735122], [46.745797, 24.8735133], [46.7458214, 24.8735129], [46.7458457, 24.873511], [46.7458698, 24.8735075], [46.7458698, 24.8735075], [46.7461701, 24.873471], [46.7464725, 24.8734534], [46.7464747, 24.8735139], [46.7467714, 24.8735047], [46.7467681, 24.8734145], [46.7492669, 24.8735576], [46.7491685, 24.8735879], [46.7490872, 24.8736234], [46.7488987, 24.8737687], [46.7487894, 24.8738598], [46.7486444, 24.8739487], [46.7485166, 24.8740123], [46.7484181, 24.8740433], [46.7482317, 24.8740795], [46.7480731, 24.874131], [46.7478724, 24.8742886], [46.7477498, 24.8744154], [46.7476395, 24.8745805], [46.7475822, 24.8746749], [46.7475189, 24.8747526], [46.7473766, 24.8748737], [46.7472935, 24.875018], [46.7472182, 24.8752518], [46.7471573, 24.8755209], [46.7471273, 24.8757724], [46.7471227, 24.8759546], [46.7471312, 24.8761006], [46.7471539, 24.8762677], [46.7472615, 24.8764695], [46.7472672, 24.8764865], [46.7456986, 24.8766028], [46.7456986, 24.8766028], [46.7456323, 24.8766058], [46.745566, 24.876605], [46.7454999, 24.8766004], [46.7454342, 24.8765919], [46.7453692, 24.8765798], [46.7453052, 24.8765639], [46.7452424, 24.8765444], [46.7451811, 24.8765213], [46.7430669, 24.875653], [46.7430669, 24.875653], [46.7430442, 24.875646], [46.7430219, 24.8756376], [46.7430004, 24.8756278], [46.7429796, 24.8756167], [46.7429597, 24.8756044], [46.7429407, 24.8755908], [46.7429228, 24.8755762], [46.742906, 24.8755605], [46.7428905, 24.8755437], [46.7428761, 24.8755261], [46.7428632, 24.8755076], [46.7428516, 24.8754884], [46.7428414, 24.8754685], [46.7428328, 24.875448], [46.7428257, 24.875427], [46.7428201, 24.8754056], [46.7428162, 24.875384], [46.7428138, 24.8753621], [46.7428131, 24.8753402], [46.742814, 24.8753183], [46.7428165, 24.8752964], [46.7428206, 24.8752748], [46.7428263, 24.8752535], [46.7428336, 24.8752326], [46.7428336, 24.8752326], [46.7428336, 24.8752324], [46.7428337, 24.8752323], [46.7428338, 24.8752322], [46.7428338, 24.8752321], [46.7428339, 24.875232], [46.742834, 24.875232], [46.7428341, 24.8752319], [46.7428342, 24.8752318], [46.7428343, 24.8752317], [46.7428344, 24.8752317], [46.7428345, 24.8752316], [46.7428346, 24.8752316], [46.7428347, 24.8752315], [46.7428349, 24.8752315], [46.742835, 24.8752315], [46.7428351, 24.8752314], [46.7428352, 24.8752314], [46.7428354, 24.8752314], [46.7428355, 24.8752314], [46.7428356, 24.8752315], [46.7428358, 24.8752315], [46.7428359, 24.8752315], [46.742836, 24.8752315], [46.7428361, 24.8752316], [46.7428362, 24.8752316], [46.7428363, 24.8752317], [46.7428364, 24.8752318], [46.7428365, 24.8752318], [46.7428366, 24.8752319], [46.7428367, 24.875232], [46.7428368, 24.8752321], [46.7428369, 24.8752322], [46.742837, 24.8752323], [46.742837, 24.8752324], [46.7428371, 24.8752325], [46.7428371, 24.8752326], [46.7428371, 24.8752327], [46.7428372, 24.8752328], [46.7428372, 24.875233], [46.7428372, 24.8752331], [46.7428372, 24.8752332], [46.7428372, 24.8752333], [46.7428372, 24.8752334], [46.7428371, 24.8752335], [46.7428371, 24.8752337], [46.742837, 24.8752338], [46.742837, 24.8752339], [46.7428369, 24.875234], [46.7428369, 24.8752341], [46.7428368, 24.8752342], [46.7428367, 24.8752343], [46.7428366, 24.8752343], [46.7428365, 24.8752344], [46.7428364, 24.8752345], [46.7428363, 24.8752346], [46.7428362, 24.8752346], [46.7428361, 24.8752347], [46.742836, 24.8752347], [46.7428358, 24.8752347], [46.7428357, 24.8752348], [46.7428356, 24.8752348]]]}}, {"type": "Feature", "properties": {"name": "Phase 3 - G", "layer": "ZONE"}, "geometry": {"type": "Polygon", "coordinates": [[[46.7383367, 24.8733473], [46.7388106, 24.8723876], [46.7393137, 24.871368], [46.7399215, 24.8701362], [46.7399215, 24.8701362], [46.7399305, 24.8701154], [46.739941, 24.8700951], [46.739953, 24.8700756], [46.7399665, 24.8700569], [46.7399813, 24.870039], [46.7399975, 24.8700222], [46.7400149, 24.8700064], [46.7400335, 24.8699917], [46.7400531, 24.8699782], [46.7400737, 24.869966], [46.7400737, 24.869966], [46.740085, 24.8699604], [46.7400968, 24.8699555], [46.7401089, 24.8699513], [46.7401213, 24.869948], [46.7401339, 24.8699453], [46.7401467, 24.8699435], [46.7401595, 24.8699425], [46.7401725, 24.8699423], [46.7401854, 24.8699429], [46.7401982, 24.8699443], [46.7402109, 24.8699465], [46.7402234, 24.8699494], [46.7402357, 24.8699532], [46.7402476, 24.8699577], [46.7402592, 24.8699629], [46.7402704, 24.8699689], [46.7402811, 24.8699755], [46.7402811, 24.8699755], [46.7403635, 24.8700294], [46.7410798, 24.870656], [46.7410982, 24.8706742], [46.741141, 24.8707242], [46.7417427, 24.8714409], [46.7418029, 24.8715125], [46.7419426, 24.871679], [46.7419426, 24.871679], [46.7419575, 24.8716954], [46.7419735, 24.871711], [46.7419907, 24.8717255], [46.7420089, 24.8717389], [46.742028, 24.8717512], [46.742048, 24.8717623], [46.7420688, 24.8717721], [46.7420902, 24.8717806], [46.7421122, 24.8717878], [46.7428863, 24.8720133], [46.7440756, 24.8723597], [46.7438899, 24.8728901], [46.7437997, 24.872853], [46.7436778, 24.8731], [46.7437157, 24.8731156], [46.7436369, 24.8732721], [46.7434768, 24.8735272], [46.7429727, 24.8745486], [46.7429055, 24.8746848], [46.7426672, 24.8751656], [46.7426672, 24.8751656], [46.742655, 24.8751846], [46.7426415, 24.8752028], [46.7426266, 24.8752202], [46.7426105, 24.8752365], [46.7425932, 24.8752518], [46.7425747, 24.875266], [46.7425553, 24.875279], [46.7425349, 24.8752907], [46.7425136, 24.8753012], [46.7424917, 24.8753103], [46.7424691, 24.875318], [46.742446, 24.8753242], [46.7424224, 24.875329], [46.7423986, 24.8753323], [46.7423745, 24.8753341], [46.7423504, 24.8753344], [46.7423263, 24.8753332], [46.7423024, 24.8753305], [46.7422787, 24.8753263], [46.7422554, 24.8753206], [46.7422326, 24.8753135], [46.7422104, 24.875305], [46.7421888, 24.8752951], [46.7421681, 24.8752839], [46.7385551, 24.8737999], [46.7385551, 24.8737999], [46.7385318, 24.8737927], [46.7385092, 24.873784], [46.7384872, 24.8737738], [46.738466, 24.8737624], [46.7384458, 24.8737496], [46.7384266, 24.8737356], [46.7384085, 24.8737204], [46.7383915, 24.8737041], [46.7383759, 24.8736868], [46.7383615, 24.8736685], [46.7383486, 24.8736494], [46.7383372, 24.8736296], [46.7383273, 24.873609], [46.7383189, 24.8735879], [46.7383122, 24.8735663], [46.7383071, 24.8735443], [46.7383037, 24.8735221], [46.738302, 24.8734997], [46.7383019, 24.8734772], [46.7383036, 24.8734548], [46.7383069, 24.8734326], [46.7383119, 24.8734106], [46.7383186, 24.873389], [46.7383269, 24.8733679], [46.7383367, 24.8733473]]]}}, {"type": "Feature", "properties": {"name": "Phase 3 - J", "layer": "ZONE"}, "geometry": {"type": "Polygon", "coordinates": [[[46.7384114, 24.8739706], [46.7421232, 24.8754951], [46.7421232, 24.8754951], [46.7421459, 24.8755053], [46.7421678, 24.8755169], [46.7421887, 24.8755298], [46.7422087, 24.875544], [46.7422275, 24.8755594], [46.7422451, 24.8755759], [46.7422615, 24.8755935], [46.7422764, 24.8756121], [46.74229, 24.8756315], [46.7423021, 24.8756518], [46.7423126, 24.8756728], [46.7423215, 24.8756943], [46.7423288, 24.8757164], [46.7423344, 24.8757389], [46.7423383, 24.8757617], [46.7423405, 24.8757847], [46.742341, 24.8758077], [46.7423398, 24.8758308], [46.7423368, 24.8758537], [46.7423321, 24.8758763], [46.7423257, 24.8758986], [46.7423177, 24.8759205], [46.7417399, 24.8770928], [46.7417128, 24.8770816], [46.741591, 24.8773286], [46.7416812, 24.8773657], [46.7415335, 24.8776595], [46.7410152, 24.876997], [46.7401727, 24.8768104], [46.7400003, 24.8769248], [46.7397938, 24.8773432], [46.739241, 24.8774093], [46.7391868, 24.8773361], [46.7385995, 24.8774085], [46.7385161, 24.877303], [46.7381799, 24.8775212], [46.7370724, 24.8768661], [46.7364902, 24.8768046], [46.7365477, 24.876754], [46.7365477, 24.876754], [46.736581, 24.8767233], [46.7366126, 24.8766912], [46.7366426, 24.8766578], [46.7366426, 24.8766578], [46.7367179, 24.8765635], [46.7367863, 24.8764649], [46.7368474, 24.8763625], [46.736901, 24.8762565], [46.7376567, 24.8747254], [46.7379529, 24.8741254], [46.7379529, 24.8741254], [46.7379643, 24.8741056], [46.7379772, 24.8740865], [46.7379915, 24.8740683], [46.7380072, 24.874051], [46.7380242, 24.8740348], [46.7380424, 24.8740198], [46.7380616, 24.8740059], [46.7380819, 24.8739932], [46.7381031, 24.8739819], [46.7381252, 24.873972], [46.7381479, 24.8739635], [46.7381712, 24.8739565], [46.738195, 24.8739509], [46.7382192, 24.8739469], [46.7382436, 24.8739445], [46.7382681, 24.8739436], [46.7382927, 24.8739442], [46.7383171, 24.8739464], [46.7383413, 24.8739502], [46.7383652, 24.8739555], [46.7383886, 24.8739623], [46.7384114, 24.8739706], [46.7384114, 24.8739706]]]}}, {"type": "Feature", "properties": {"name": "Phase 3 - K", "layer": "ZONE"}, "geometry": {"type": "Polygon", "coordinates": [[[46.7415335, 24.8776595], [46.7416789, 24.8773647], [46.7417714, 24.8774027], [46.7418933, 24.8771558], [46.7418662, 24.8771446], [46.7420376, 24.8767973], [46.7424214, 24.8760199], [46.7424214, 24.8760199], [46.7424319, 24.8759978], [46.742444, 24.8759764], [46.7424578, 24.8759558], [46.742473, 24.8759361], [46.7424897, 24.8759175], [46.7425078, 24.8758999], [46.7425271, 24.8758835], [46.7425477, 24.8758684], [46.7425693, 24.8758546], [46.7425919, 24.8758421], [46.7426154, 24.8758312], [46.7426397, 24.8758217], [46.7426646, 24.8758137], [46.7426901, 24.8758074], [46.742716, 24.8758026], [46.7427421, 24.8757995], [46.7427685, 24.8757981], [46.7427949, 24.8757982], [46.7428212, 24.8758001], [46.7428473, 24.8758036], [46.7428731, 24.8758087], [46.7428985, 24.8758154], [46.7429233, 24.8758237], [46.7450868, 24.8767123], [46.7450868, 24.8767123], [46.7451615, 24.8767404], [46.745238, 24.8767642], [46.745316, 24.8767835], [46.7453951, 24.8767983], [46.7454751, 24.8768086], [46.7455557, 24.8768142], [46.7456365, 24.8768152], [46.7457172, 24.8768116], [46.7473105, 24.8766934], [46.7473113, 24.8767514], [46.7457468, 24.8768673], [46.7457468, 24.8768673], [46.7456473, 24.8768719], [46.7455476, 24.8768707], [46.7454482, 24.8768639], [46.745019, 24.8777336], [46.7454335, 24.8778956], [46.7454285, 24.8779338], [46.7454366, 24.8779552], [46.7454842, 24.8779904], [46.7453204, 24.8779878], [46.7452283, 24.8779468], [46.7451926, 24.8779186], [46.7451525, 24.8778653], [46.7451288, 24.8778513], [46.7450618, 24.8778341], [46.7450186, 24.8778346], [46.744999, 24.877842], [46.7449953, 24.8778564], [46.7450112, 24.8778705], [46.7450822, 24.8778876], [46.745102, 24.8779053], [46.7451172, 24.8779346], [46.7451219, 24.8779846], [46.7432468, 24.8779532], [46.7426889, 24.8780972], [46.7418287, 24.8781859], [46.7415634, 24.8776978], [46.7415335, 24.8776595]]]}}, {"type": "Feature", "properties": {"name": "Phase 4 - G", "layer": "ZONE"}, "geometry": {"type": "Polygon", "coordinates": [[[46.7287846, 24.8802228], [46.7307535, 24.876892], [46.7307535, 24.876892], [46.7307766, 24.8768898], [46.7307995, 24.8768862], [46.7308221, 24.8768811], [46.7308442, 24.8768747], [46.7308658, 24.8768668], [46.7308867, 24.8768576], [46.7309069, 24.8768471], [46.7309263, 24.8768353], [46.7309447, 24.8768224], [46.730962, 24.8768083], [46.7310567, 24.8768411], [46.7312737, 24.8769479], [46.7312737, 24.8769479], [46.7312959, 24.8769597], [46.7313173, 24.8769727], [46.7313377, 24.876987], [46.7313571, 24.8770024], [46.7313754, 24.877019], [46.7313925, 24.8770365], [46.7314083, 24.877055], [46.7314228, 24.8770744], [46.7314228, 24.8770744], [46.7314611, 24.8771264], [46.7315021, 24.8771767], [46.7315457, 24.877225], [46.7315457, 24.877225], [46.7315637, 24.8772427], [46.7315828, 24.8772593], [46.7316031, 24.8772746], [46.7316245, 24.8772887], [46.7316469, 24.8773015], [46.7323995, 24.8776717], [46.7323995, 24.8776717], [46.7324148, 24.8776787], [46.7324306, 24.8776848], [46.7324468, 24.87769], [46.7324633, 24.8776943], [46.73248, 24.8776976], [46.732497, 24.8776999], [46.7325141, 24.8777013], [46.7327534, 24.8777141], [46.7327534, 24.8777141], [46.7327783, 24.8777161], [46.732803, 24.8777196], [46.7328274, 24.8777245], [46.7328514, 24.8777308], [46.7328749, 24.8777385], [46.7328978, 24.8777476], [46.7331449, 24.8778685], [46.7331449, 24.8778685], [46.7331615, 24.8778772], [46.7331775, 24.8778867], [46.7331929, 24.877897], [46.7332076, 24.8779082], [46.7332076, 24.8779082], [46.7332253, 24.8779233], [46.7332418, 24.8779396], [46.7332571, 24.8779569], [46.7332709, 24.8779751], [46.7332709, 24.8779751], [46.7332823, 24.8779924], [46.7332923, 24.8780103], [46.7333011, 24.8780287], [46.7333086, 24.8780477], [46.7333086, 24.8780477], [46.7333138, 24.8780612], [46.73332, 24.8780743], [46.733327, 24.8780871], [46.7333349, 24.8780995], [46.7333437, 24.8781114], [46.7333532, 24.8781228], [46.7333532, 24.8781228], [46.733365, 24.8781351], [46.7333777, 24.8781467], [46.7333912, 24.8781574], [46.7334055, 24.8781672], [46.7334206, 24.8781761], [46.7334363, 24.8781841], [46.7334363, 24.8781841], [46.7334531, 24.8781914], [46.7334703, 24.8781977], [46.733488, 24.8782032], [46.7335059, 24.8782077], [46.7335059, 24.8782077], [46.733528, 24.878216], [46.7335494, 24.8782256], [46.73357, 24.8782366], [46.7335897, 24.8782489], [46.7336084, 24.8782623], [46.733626, 24.878277], [46.7336425, 24.8782927], [46.7336578, 24.8783094], [46.7341097, 24.8790228], [46.7341097, 24.8790228], [46.7341163, 24.8790418], [46.7341215, 24.8790612], [46.7341254, 24.8790809], [46.7341279, 24.8791007], [46.7341291, 24.8791207], [46.7341288, 24.8791406], [46.7341271, 24.8791606], [46.7341241, 24.8791803], [46.7341196, 24.8791999], [46.7341196, 24.8791999], [46.7341164, 24.879214], [46.7341142, 24.8792282], [46.7341129, 24.8792426], [46.7341126, 24.879257], [46.7341132, 24.8792713], [46.7341149, 24.8792856], [46.7341174, 24.8792998], [46.7341174, 24.8792998], [46.7341236, 24.8793197], [46.7341283, 24.8793399], [46.7341316, 24.8793603], [46.7341335, 24.8793808], [46.734134, 24.8794014], [46.734133, 24.879422], [46.7341307, 24.8794425], [46.7341269, 24.8794629], [46.7341217, 24.8794829], [46.7341155, 24.8795011], [46.7341085, 24.8795182], [46.7340945, 24.8795456], [46.7339013, 24.8798725], [46.7326738, 24.8819492], [46.7326738, 24.8819492], [46.7326618, 24.881968], [46.7326483, 24.8819859], [46.7326336, 24.882003], [46.7326176, 24.8820191], [46.7326003, 24.8820341], [46.7326003, 24.8820341], [46.7325825, 24.8820478], [46.7325636, 24.8820603], [46.7325439, 24.8820716], [46.7325235, 24.8820818], [46.7325023, 24.8820906], [46.7324805, 24.8820982], [46.7324582, 24.8821045], [46.7324356, 24.8821094], [46.7324126, 24.8821129], [46.7323894, 24.882115], [46.7323661, 24.8821157], [46.7323428, 24.8821149], [46.7323196, 24.8821128], [46.7323196, 24.8821128], [46.7322994, 24.8821098], [46.7322793, 24.8821057], [46.7322596, 24.8821005], [46.7322402, 24.8820943], [46.7322213, 24.882087], [46.7289838, 24.8804945], [46.728824, 24.8804196], [46.728824, 24.8804196], [46.7288267, 24.8803994], [46.7288279, 24.880379], [46.7288276, 24.8803587], [46.7288258, 24.8803384], [46.7288225, 24.8803182], [46.7288178, 24.8802983], [46.7288116, 24.8802787], [46.728804, 24.8802595], [46.728795, 24.8802409], [46.7287846, 24.8802228]]]}}, {"type": "Feature", "properties": {"name": "Phase 3 - A", "layer": "ZONE"}, "geometry": {"type": "Polygon", "coordinates": [[[46.7358333, 24.8667969], [46.7358331, 24.8667765], [46.7358313, 24.8667561], [46.7358281, 24.8667359], [46.7358234, 24.8667159], [46.7358172, 24.8666962], [46.7358096, 24.866677], [46.7358007, 24.8666583], [46.7357903, 24.8666402], [46.7357787, 24.8666227], [46.7357658, 24.866606], [46.7357517, 24.8665901], [46.7357517, 24.8665901], [46.736389, 24.8646714], [46.7364552, 24.8644601], [46.7365405, 24.864175], [46.7367575, 24.8633688], [46.7367575, 24.8633688], [46.7367771, 24.8633617], [46.7367961, 24.8633535], [46.7368145, 24.8633443], [46.7368323, 24.863334], [46.7368493, 24.8633227], [46.7368655, 24.8633105], [46.7368808, 24.8632974], [46.7422268, 24.8643863], [46.7422268, 24.8643863], [46.7422244, 24.8644088], [46.7422204, 24.8644311], [46.7422149, 24.8644531], [46.7422079, 24.8644748], [46.7421994, 24.864496], [46.7421894, 24.8645166], [46.742178, 24.8645367], [46.7421653, 24.8645561], [46.7421512, 24.8645747], [46.7421359, 24.8645924], [46.7394425, 24.8675269], [46.7394425, 24.8675269], [46.7393981, 24.8675545], [46.7393519, 24.8675795], [46.739304, 24.8676018], [46.7392547, 24.8676213], [46.7392041, 24.8676378], [46.7391524, 24.8676514], [46.7390999, 24.8676619], [46.7390468, 24.8676693], [46.7389933, 24.8676737], [46.7389396, 24.8676749], [46.7388859, 24.867673], [46.7388859, 24.867673], [46.7388168, 24.8676533], [46.7358333, 24.8667969]]]}}, {"type": "Feature", "properties": {"name": "Phase 3 - I", "layer": "ZONE"}, "geometry": {"type": "Polygon", "coordinates": [[[46.7377863, 24.8740623], [46.7366976, 24.8762682], [46.7366976, 24.8762682], [46.7366574, 24.876343], [46.7366119, 24.8764152], [46.7365614, 24.8764845], [46.736506, 24.8765507], [46.736446, 24.8766134], [46.7363816, 24.8766724], [46.7363131, 24.8767275], [46.7362408, 24.8767783], [46.7348941, 24.8766361], [46.7341934, 24.8759928], [46.7340172, 24.8758615], [46.7337127, 24.8757953], [46.7336421, 24.8755307], [46.7334652, 24.8754933], [46.733407, 24.8752709], [46.732312, 24.8742495], [46.7325318, 24.8738753], [46.7331363, 24.8727701], [46.7334713, 24.8721091], [46.7334713, 24.8721091], [46.7334762, 24.8721003], [46.7334817, 24.8720918], [46.7334879, 24.8720837], [46.7334947, 24.872076], [46.733502, 24.8720687], [46.7335099, 24.8720619], [46.7335182, 24.8720557], [46.733527, 24.87205], [46.7335363, 24.8720448], [46.7335459, 24.8720402], [46.7335558, 24.8720363], [46.733566, 24.872033], [46.7335764, 24.8720304], [46.733587, 24.8720284], [46.7335977, 24.872027], [46.7336085, 24.8720264], [46.7336194, 24.8720265], [46.7336302, 24.8720272], [46.7336409, 24.8720286], [46.7336514, 24.8720307], [46.7336514, 24.8720307], [46.7337052, 24.8720441], [46.7337584, 24.8720593], [46.7376127, 24.8736425], [46.7376127, 24.8736425], [46.737634, 24.8736521], [46.7376545, 24.873663], [46.7376742, 24.8736751], [46.737693, 24.8736884], [46.7377107, 24.8737029], [46.7377272, 24.8737184], [46.7377426, 24.873735], [46.7377567, 24.8737524], [46.7377694, 24.8737707], [46.7377807, 24.8737898], [46.7377906, 24.8738095], [46.737799, 24.8738298], [46.7378059, 24.8738505], [46.7378111, 24.8738717], [46.7378148, 24.8738931], [46.7378169, 24.8739147], [46.7378173, 24.8739363], [46.7378161, 24.873958], [46.7378133, 24.8739795], [46.7378089, 24.8740008], [46.7378029, 24.8740218], [46.7377954, 24.8740423], [46.7377863, 24.8740623]]]}}, {"type": "Feature", "properties": {"name": "Phase 4 - A", "layer": "ZONE"}, "geometry": {"type": "Polygon", "coordinates": [[[46.7310221, 24.8764371], [46.732312, 24.8742495], [46.733407, 24.8752709], [46.7334652, 24.8754932], [46.7336421, 24.8755307], [46.7337127, 24.8757953], [46.7340172, 24.8758615], [46.7348941, 24.8766361], [46.7362408, 24.8767783], [46.7362408, 24.8767783], [46.7361803, 24.8768159], [46.7361176, 24.8768505], [46.7360531, 24.8768821], [46.7359869, 24.8769106], [46.7338957, 24.8777484], [46.7338957, 24.8777484], [46.7338736, 24.8777564], [46.7338509, 24.8777631], [46.7338277, 24.8777682], [46.7338043, 24.8777719], [46.7337806, 24.8777741], [46.7337568, 24.8777748], [46.733733, 24.877774], [46.7337093, 24.8777717], [46.7336858, 24.8777679], [46.7336627, 24.8777627], [46.7336401, 24.8777559], [46.7336401, 24.8777559], [46.7336251, 24.8777511], [46.7336099, 24.8777472], [46.7335943, 24.8777443], [46.7335786, 24.8777423], [46.7335628, 24.8777412], [46.7335469, 24.8777411], [46.7335311, 24.8777419], [46.7335154, 24.8777438], [46.7334998, 24.8777465], [46.7334844, 24.8777502], [46.7334844, 24.8777502], [46.7334631, 24.8777553], [46.7334414, 24.8777591], [46.7334195, 24.8777616], [46.7333974, 24.8777626], [46.7333754, 24.8777623], [46.7333534, 24.8777607], [46.7333315, 24.8777577], [46.73331, 24.8777533], [46.7332888, 24.8777476], [46.7332681, 24.8777406], [46.733248, 24.8777324], [46.7332285, 24.8777229], [46.7311874, 24.8767187], [46.7311874, 24.8767187], [46.7311733, 24.8767112], [46.7311597, 24.8767029], [46.7311467, 24.8766937], [46.7311344, 24.8766839], [46.7311228, 24.8766733], [46.731112, 24.8766621], [46.731102, 24.8766502], [46.7310928, 24.8766378], [46.7310846, 24.8766249], [46.7310773, 24.8766115], [46.7310709, 24.8765978], [46.7310655, 24.8765836], [46.7310655, 24.8765836], [46.7310646, 24.8765645], [46.7310624, 24.8765454], [46.7310588, 24.8765265], [46.731054, 24.8765078], [46.7310478, 24.8764895], [46.7310405, 24.8764715], [46.7310319, 24.876454], [46.7310221, 24.8764371]]]}}, {"type": "Feature", "properties": {"name": "Phase 4 - J", "layer": "ZONE"}, "geometry": {"type": "Polygon", "coordinates": [[[46.7288728, 24.8806786], [46.7288631, 24.880668], [46.7288526, 24.880658], [46.7288413, 24.8806486], [46.7288295, 24.8806399], [46.728817, 24.880632], [46.728804, 24.8806248], [46.7287905, 24.8806184], [46.7287766, 24.8806129], [46.7287623, 24.8806082], [46.7287477, 24.8806044], [46.7287328, 24.8806014], [46.7287178, 24.8805994], [46.7287178, 24.8805994], [46.7287014, 24.880612], [46.7286842, 24.8806237], [46.7286662, 24.8806343], [46.7286475, 24.8806439], [46.7286281, 24.8806524], [46.7286082, 24.8806597], [46.7285878, 24.8806658], [46.7285671, 24.8806707], [46.728546, 24.8806744], [46.7285247, 24.8806768], [46.7285033, 24.880678], [46.7284818, 24.880678], [46.7284818, 24.880678], [46.7268702, 24.8834044], [46.7268702, 24.8834044], [46.7268709, 24.8834156], [46.7268707, 24.8834268], [46.7268697, 24.8834381], [46.7268679, 24.8834492], [46.7268652, 24.8834602], [46.7268616, 24.883471], [46.7268573, 24.8834815], [46.7268522, 24.8834917], [46.7268463, 24.8835016], [46.7268396, 24.8835111], [46.7268323, 24.8835202], [46.7268243, 24.8835287], [46.7268157, 24.8835368], [46.7268157, 24.8835368], [46.7268064, 24.8835443], [46.7267965, 24.8835512], [46.7267862, 24.8835575], [46.7267754, 24.8835631], [46.7267642, 24.883568], [46.7267526, 24.8835722], [46.7267408, 24.8835756], [46.7267287, 24.8835783], [46.7267165, 24.8835802], [46.7267041, 24.8835813], [46.7266917, 24.8835816], [46.7266793, 24.8835812], [46.7266669, 24.8835799], [46.7266547, 24.8835779], [46.7266427, 24.8835751], [46.7266309, 24.8835715], [46.7266194, 24.8835672], [46.7266082, 24.8835622], [46.7265145, 24.8837207], [46.726917, 24.8841172], [46.7274296, 24.8845477], [46.7279414, 24.8849545], [46.7282904, 24.8852031], [46.7285946, 24.8854012], [46.728876, 24.885574], [46.7292159, 24.8857633], [46.7296506, 24.8859992], [46.7301592, 24.8862587], [46.7301592, 24.8862587], [46.7301742, 24.8862358], [46.7301878, 24.8862122], [46.7301999, 24.8861879], [46.7302106, 24.8861631], [46.7302639, 24.886029], [46.7322341, 24.882693], [46.7322341, 24.882693], [46.7322445, 24.8826739], [46.7322535, 24.8826541], [46.7322609, 24.8826339], [46.7322669, 24.8826132], [46.7322712, 24.8825922], [46.732274, 24.882571], [46.7322752, 24.8825497], [46.7322748, 24.8825283], [46.7322728, 24.882507], [46.7322693, 24.8824859], [46.7322641, 24.8824651], [46.7322574, 24.8824446], [46.7322574, 24.8824446], [46.732249, 24.882424], [46.7322391, 24.882404], [46.7322278, 24.8823846], [46.7322151, 24.882366], [46.732201, 24.8823481], [46.7321857, 24.8823312], [46.7321692, 24.8823152], [46.7321515, 24.8823003], [46.7321328, 24.8822865], [46.7321132, 24.8822738], [46.7320926, 24.8822624], [46.7288728, 24.8806786]]]}}, {"type": "Feature", "properties": {"name": "Phase 4 - F", "layer": "ZONE"}, "geometry": {"type": "Polygon", "coordinates": [[[46.7329739, 24.8824579], [46.7362087, 24.8840489], [46.7362087, 24.8840489], [46.73623, 24.8840585], [46.736252, 24.8840668], [46.7362746, 24.8840737], [46.7362976, 24.8840792], [46.736321, 24.8840832], [46.7363446, 24.8840858], [46.7363683, 24.8840869], [46.7363921, 24.8840865], [46.7364158, 24.8840847], [46.7364393, 24.8840813], [46.7364626, 24.8840766], [46.7364854, 24.8840704], [46.7365076, 24.8840627], [46.7365293, 24.8840537], [46.7365502, 24.8840434], [46.7365703, 24.8840318], [46.7365895, 24.884019], [46.7366077, 24.8840051], [46.7366248, 24.88399], [46.7366408, 24.8839739], [46.7366555, 24.8839568], [46.7366689, 24.8839389], [46.7366809, 24.8839201], [46.7385405, 24.8807738], [46.7385405, 24.8807738], [46.7385533, 24.8807535], [46.7385672, 24.8807337], [46.7385823, 24.8807146], [46.7386537, 24.8806291], [46.7386537, 24.8806291], [46.7386828, 24.8805879], [46.7387089, 24.8805451], [46.7387318, 24.8805007], [46.7387318, 24.8805007], [46.7387356, 24.8804926], [46.7387387, 24.8804843], [46.7387412, 24.8804758], [46.738743, 24.8804672], [46.7387442, 24.8804585], [46.7387447, 24.8804497], [46.7387446, 24.8804409], [46.7387438, 24.8804322], [46.7387423, 24.8804235], [46.7387401, 24.8804149], [46.7387401, 24.8804149], [46.738738, 24.8804067], [46.7387366, 24.8803983], [46.7387357, 24.8803899], [46.7387355, 24.8803814], [46.7387359, 24.880373], [46.7387369, 24.8803646], [46.7387385, 24.8803562], [46.7387408, 24.880348], [46.7387436, 24.88034], [46.738747, 24.8803321], [46.738751, 24.8803244], [46.7387555, 24.8803171], [46.7387606, 24.88031], [46.7387662, 24.8803032], [46.7387723, 24.8802968], [46.7387788, 24.8802908], [46.7387857, 24.8802852], [46.7387931, 24.88028], [46.7388008, 24.8802753], [46.7388088, 24.880271], [46.7388171, 24.8802673], [46.7388257, 24.8802641], [46.7388257, 24.8802641], [46.7388331, 24.8802613], [46.7388403, 24.8802581], [46.7388472, 24.8802545], [46.7388538, 24.8802504], [46.7388601, 24.8802459], [46.7388661, 24.8802411], [46.7388717, 24.8802359], [46.7388769, 24.8802304], [46.7388817, 24.8802246], [46.738886, 24.8802184], [46.7388899, 24.8802121], [46.7388933, 24.8802055], [46.7388963, 24.8801987], [46.7388987, 24.8801918], [46.739103, 24.8795258], [46.739103, 24.8795258], [46.7391038, 24.8795228], [46.7391044, 24.8795197], [46.7391047, 24.8795166], [46.7391048, 24.8795135], [46.7391047, 24.8795104], [46.7391043, 24.8795073], [46.7391037, 24.8795043], [46.7391029, 24.8795013], [46.7391019, 24.8794983], [46.7391006, 24.8794954], [46.7390991, 24.8794926], [46.7390975, 24.8794899], [46.7390956, 24.8794873], [46.7390935, 24.8794849], [46.7390912, 24.8794826], [46.7390888, 24.8794804], [46.7390862, 24.8794784], [46.7390835, 24.8794765], [46.7390806, 24.8794748], [46.7390777, 24.8794733], [46.7390746, 24.879472], [46.7376075, 24.8789072], [46.7376075, 24.8789072], [46.7375234, 24.8788779], [46.7374373, 24.8788538], [46.7373496, 24.8788351], [46.7372607, 24.8788219], [46.737171, 24.8788142], [46.7370809, 24.8788121], [46.7369909, 24.8788155], [46.7369014, 24.8788246], [46.7368128, 24.8788391], [46.7347311, 24.8792509], [46.7347311, 24.8792509], [46.7347183, 24.8792545], [46.7347057, 24.8792589], [46.7346936, 24.879264], [46.7346818, 24.8792699], [46.7346705, 24.8792765], [46.7346597, 24.8792838], [46.7346495, 24.8792917], [46.7346398, 24.8793003], [46.7346309, 24.8793094], [46.7346226, 24.8793191], [46.7346151, 24.8793292], [46.7346084, 24.8793398], [46.7346025, 24.8793508], [46.7346025, 24.8793508], [46.7345946, 24.8793653], [46.7345856, 24.8793793], [46.7345756, 24.8793928], [46.7345646, 24.8794055], [46.7345526, 24.8794175], [46.7345398, 24.8794287], [46.7345261, 24.8794391], [46.7345117, 24.8794486], [46.7344966, 24.8794572], [46.7344809, 24.8794648], [46.7344646, 24.8794714], [46.7344479, 24.8794769], [46.7344479, 24.8794769], [46.7344255, 24.8794843], [46.7344037, 24.8794931], [46.7343827, 24.8795033], [46.7343624, 24.8795148], [46.7343431, 24.8795275], [46.7343248, 24.8795414], [46.7343077, 24.8795564], [46.7342916, 24.8795725], [46.7342769, 24.8795896], [46.7342635, 24.8796075], [46.7342515, 24.8796263], [46.7328323, 24.8820272], [46.7328323, 24.8820272], [46.7328219, 24.8820463], [46.732813, 24.8820661], [46.7328055, 24.8820863], [46.7327996, 24.882107], [46.7327952, 24.882128], [46.7327924, 24.8821492], [46.7327912, 24.8821705], [46.7327916, 24.8821919], [46.7327936, 24.8822132], [46.7327972, 24.8822343], [46.7328024, 24.8822551], [46.7328091, 24.8822756], [46.7328091, 24.8822756], [46.7328175, 24.8822962], [46.7328274, 24.8823162], [46.7328387, 24.8823356], [46.7328514, 24.8823542], [46.7328655, 24.882372], [46.7328808, 24.882389], [46.7328973, 24.882405], [46.732915, 24.8824199], [46.7329337, 24.8824337], [46.7329534, 24.8824464], [46.7329739, 24.8824579]]]}}, {"type": "Feature", "properties": {"name": "Phase 4 - K", "layer": "ZONE"}, "geometry": {"type": "Polygon", "coordinates": [[[46.7323928, 24.8827708], [46.7304395, 24.8860753], [46.7304395, 24.8860753], [46.7304267, 24.8860957], [46.7304127, 24.8861155], [46.7303976, 24.8861345], [46.7303263, 24.88622], [46.7303263, 24.88622], [46.730309, 24.8862421], [46.7302931, 24.8862651], [46.7302788, 24.8862889], [46.730266, 24.8863134], [46.7307579, 24.8865433], [46.7316934, 24.8870151], [46.7323718, 24.8873606], [46.733538, 24.8879544], [46.7340695, 24.8882265], [46.7341441, 24.888259], [46.7341441, 24.888259], [46.7341644, 24.8882321], [46.7341829, 24.888204], [46.7341995, 24.888175], [46.7342142, 24.8881452], [46.7342268, 24.8881146], [46.7342374, 24.8880833], [46.7342569, 24.8880326], [46.7342569, 24.8880326], [46.7342661, 24.8880107], [46.7342765, 24.8879892], [46.7342882, 24.8879682], [46.7362413, 24.8846639], [46.7362413, 24.8846639], [46.7362518, 24.8846445], [46.7362609, 24.8846245], [46.7362684, 24.884604], [46.7362743, 24.8845831], [46.7362786, 24.8845618], [46.7362814, 24.8845404], [46.7362824, 24.8845188], [46.7362819, 24.8844972], [46.7362797, 24.8844756], [46.7362759, 24.8844543], [46.7362705, 24.8844333], [46.7362635, 24.8844126], [46.7362635, 24.8844126], [46.736255, 24.8843923], [46.7362451, 24.8843727], [46.7362337, 24.8843536], [46.736221, 24.8843353], [46.7362071, 24.8843177], [46.7361918, 24.8843011], [46.7361755, 24.8842853], [46.736158, 24.8842706], [46.7361395, 24.884257], [46.73612, 24.8842445], [46.7360998, 24.8842332], [46.7328649, 24.8826422], [46.7328649, 24.8826422], [46.7328436, 24.8826328], [46.7328216, 24.8826247], [46.732799, 24.8826179], [46.732776, 24.8826126], [46.7327527, 24.8826087], [46.7327291, 24.8826062], [46.7327054, 24.8826052], [46.7326817, 24.8826056], [46.7326581, 24.8826075], [46.7326347, 24.8826109], [46.7326115, 24.8826157], [46.7325888, 24.8826219], [46.7325666, 24.8826294], [46.7325449, 24.8826384], [46.732524, 24.8826486], [46.7325039, 24.8826601], [46.7324847, 24.8826728], [46.7324665, 24.8826866], [46.7324493, 24.8827016], [46.7324333, 24.8827175], [46.7324185, 24.8827344], [46.732405, 24.8827522], [46.7323928, 24.8827708]]]}}, {"type": "Feature", "properties": {"name": "Phase 4 - L", "layer": "ZONE"}, "geometry": {"type": "Polygon", "coordinates": [[[46.7344467, 24.8880462], [46.7363999, 24.8847418], [46.7363999, 24.8847418], [46.7364118, 24.8847231], [46.7364252, 24.8847053], [46.7364398, 24.8846883], [46.7364557, 24.8846723], [46.7364728, 24.8846573], [46.736491, 24.8846434], [46.7365102, 24.8846307], [46.7365303, 24.8846193], [46.7365512, 24.8846091], [46.7365728, 24.8846003], [46.736595, 24.8845928], [46.7366178, 24.8845868], [46.7366178, 24.8845868], [46.736641, 24.8845822], [46.7366645, 24.8845789], [46.7366882, 24.8845771], [46.736712, 24.8845767], [46.7367357, 24.8845777], [46.7367594, 24.8845802], [46.7367827, 24.884584], [46.7368058, 24.8845893], [46.7368285, 24.8845959], [46.7368506, 24.8846038], [46.7368721, 24.8846131], [46.7401071, 24.886204], [46.7401071, 24.886204], [46.7401276, 24.886215], [46.7401473, 24.8862272], [46.740166, 24.8862407], [46.7401837, 24.8862553], [46.7402002, 24.886271], [46.7402154, 24.8862877], [46.7402294, 24.8863053], [46.740242, 24.8863238], [46.7402531, 24.886343], [46.7402627, 24.8863629], [46.7402709, 24.8863834], [46.7402709, 24.8863834], [46.7402774, 24.8864041], [46.7402824, 24.8864251], [46.7402859, 24.8864465], [46.7402879, 24.8864679], [46.7402883, 24.8864895], [46.7402872, 24.886511], [46.7402845, 24.8865324], [46.7402803, 24.8865536], [46.7402746, 24.8865746], [46.7402674, 24.8865951], [46.7402587, 24.8866151], [46.7402486, 24.8866346], [46.738903, 24.8889124], [46.7387036, 24.8893103], [46.7385516, 24.8895687], [46.738515, 24.8895507], [46.7383741, 24.8897891], [46.7384612, 24.8898319], [46.7383028, 24.8901129], [46.7374357, 24.8897236], [46.7368508, 24.8894797], [46.7362659, 24.8892359], [46.7342598, 24.8883149], [46.7342598, 24.8883149], [46.7342712, 24.8882886], [46.7342843, 24.8882629], [46.7342991, 24.888238], [46.7343155, 24.888214], [46.7343335, 24.8881909], [46.7344049, 24.8881054], [46.7344049, 24.8881054], [46.73442, 24.8880864], [46.7344339, 24.8880666], [46.7344467, 24.8880462]]]}}, {"type": "Feature", "properties": {"name": "Phase 4 - M", "layer": "ZONE"}, "geometry": {"type": "Polygon", "coordinates": [[[46.7383028, 24.8901129], [46.7384612, 24.8898319], [46.7385483, 24.8898748], [46.7386892, 24.8896364], [46.7386526, 24.8896185], [46.7387894, 24.8893869], [46.7387894, 24.8893869], [46.7388229, 24.8893346], [46.7389346, 24.8891727], [46.7390463, 24.8890108], [46.7404072, 24.8867126], [46.7404072, 24.8867126], [46.7404194, 24.8866936], [46.740433, 24.8866754], [46.740448, 24.8866581], [46.7404642, 24.8866418], [46.7404816, 24.8866265], [46.7405002, 24.8866124], [46.7405198, 24.8865995], [46.7405403, 24.8865879], [46.7405616, 24.8865775], [46.7405837, 24.8865686], [46.7406064, 24.886561], [46.7406296, 24.8865549], [46.7406532, 24.8865503], [46.7406771, 24.8865472], [46.7407012, 24.8865456], [46.7407253, 24.8865455], [46.7407494, 24.8865469], [46.7407734, 24.8865499], [46.740797, 24.8865543], [46.7408203, 24.8865603], [46.740843, 24.8865676], [46.7408652, 24.8865764], [46.7408866, 24.8865866], [46.7409072, 24.8865981], [46.7422342, 24.88725], [46.7422342, 24.88725], [46.7422578, 24.8872626], [46.7422804, 24.8872767], [46.7423018, 24.8872921], [46.7423221, 24.8873089], [46.742341, 24.8873269], [46.7423584, 24.8873461], [46.7423744, 24.8873663], [46.7423888, 24.8873875], [46.7424015, 24.8874096], [46.7424126, 24.8874324], [46.7424218, 24.8874559], [46.7424218, 24.8874559], [46.7424601, 24.8875647], [46.7424601, 24.8875647], [46.7424674, 24.8875879], [46.7424729, 24.8876114], [46.7424766, 24.8876352], [46.7424786, 24.8876592], [46.7424789, 24.8876833], [46.7424773, 24.8877073], [46.742474, 24.8877312], [46.742469, 24.8877548], [46.7424622, 24.8877781], [46.7424537, 24.8878009], [46.7424435, 24.8878231], [46.7424318, 24.8878446], [46.7412774, 24.8897941], [46.7412774, 24.8897941], [46.7412253, 24.8898762], [46.7411681, 24.8899553], [46.7411681, 24.8899553], [46.7410959, 24.8900493], [46.7410959, 24.8900493], [46.741034, 24.8901354], [46.7409781, 24.8902248], [46.7407187, 24.8905975], [46.7404891, 24.8909832], [46.7404891, 24.8909832], [46.7404695, 24.8910136], [46.7404477, 24.8910427], [46.7404239, 24.8910704], [46.7403981, 24.8910966], [46.7403704, 24.8911211], [46.7383028, 24.8901129]]]}}, {"type": "Feature", "properties": {"name": "Phase 4 - E", "layer": "ZONE"}, "geometry": {"type": "Polygon", "coordinates": [[[46.739304, 24.8804553], [46.7408104, 24.8807104], [46.7408104, 24.8807104], [46.7408414, 24.8807166], [46.7408718, 24.8807245], [46.7409017, 24.8807343], [46.7429439, 24.8814695], [46.7429439, 24.8814695], [46.743031, 24.8815038], [46.7431155, 24.8815431], [46.7431155, 24.8815431], [46.7431245, 24.881548], [46.7431331, 24.8815534], [46.7431412, 24.8815593], [46.7431489, 24.8815658], [46.7431561, 24.8815726], [46.7431628, 24.88158], [46.7431689, 24.8815877], [46.7431744, 24.8815958], [46.7431793, 24.8816042], [46.7431835, 24.8816128], [46.7431871, 24.8816218], [46.74319, 24.8816309], [46.7431923, 24.8816402], [46.7431938, 24.8816496], [46.7431946, 24.8816591], [46.7431948, 24.8816686], [46.7431942, 24.8816781], [46.7431929, 24.8816875], [46.7431909, 24.8816969], [46.7431882, 24.8817061], [46.7431848, 24.8817151], [46.7431808, 24.8817238], [46.7431808, 24.8817238], [46.7431571, 24.8817678], [46.743131, 24.8818107], [46.7431026, 24.8818523], [46.7430313, 24.8819378], [46.7430313, 24.8819378], [46.7430113, 24.8819631], [46.742993, 24.8819894], [46.7429763, 24.8820166], [46.7429613, 24.8820447], [46.7406883, 24.8858908], [46.7406883, 24.8858908], [46.7406761, 24.8859094], [46.7406626, 24.8859272], [46.7406478, 24.8859441], [46.7406317, 24.8859601], [46.7406146, 24.8859751], [46.7405964, 24.8859889], [46.7405771, 24.8860017], [46.740557, 24.8860132], [46.7405361, 24.8860234], [46.7405145, 24.8860323], [46.7404923, 24.8860399], [46.7404695, 24.8860461], [46.7404464, 24.8860509], [46.7404229, 24.8860543], [46.7403993, 24.8860562], [46.7403756, 24.8860566], [46.7403519, 24.8860556], [46.7403283, 24.8860532], [46.7403049, 24.8860492], [46.7402819, 24.8860439], [46.7402594, 24.8860372], [46.7402374, 24.8860291], [46.740216, 24.8860196], [46.7369811, 24.8844287], [46.7369811, 24.8844287], [46.7369605, 24.8844178], [46.7369408, 24.8844056], [46.7369221, 24.8843922], [46.7369044, 24.8843776], [46.7368879, 24.884362], [46.7368725, 24.8843454], [46.7368585, 24.8843279], [46.7368457, 24.8843096], [46.7368344, 24.8842905], [46.7368245, 24.8842708], [46.7368162, 24.8842504], [46.7368093, 24.8842297], [46.7368041, 24.8842085], [46.7368004, 24.884187], [46.7367983, 24.8841654], [46.7367979, 24.8841437], [46.7367991, 24.884122], [46.7368019, 24.8841005], [46.7368063, 24.8840791], [46.7368123, 24.8840581], [46.7368199, 24.8840376], [46.7368289, 24.8840175], [46.7368395, 24.883998], [46.738699, 24.8808518], [46.738699, 24.8808518], [46.7387106, 24.8808308], [46.7387211, 24.8808093], [46.7387302, 24.8807874], [46.7387302, 24.8807874], [46.7387693, 24.880686], [46.7387693, 24.880686], [46.7387843, 24.8806518], [46.7388018, 24.8806186], [46.7388217, 24.8805866], [46.738844, 24.8805559], [46.738844, 24.8805559], [46.7388494, 24.8805486], [46.7388553, 24.8805416], [46.7388617, 24.8805351], [46.7388685, 24.8805289], [46.7388759, 24.8805232], [46.7388836, 24.880518], [46.7388917, 24.8805133], [46.7389002, 24.8805091], [46.738909, 24.8805055], [46.738918, 24.8805024], [46.738918, 24.8805024], [46.7389268, 24.8804994], [46.7389354, 24.8804959], [46.7389437, 24.8804918], [46.7389517, 24.8804873], [46.7389593, 24.8804822], [46.7389665, 24.8804767], [46.7389733, 24.8804708], [46.7389733, 24.8804708], [46.7389802, 24.8804647], [46.7389876, 24.880459], [46.7389953, 24.8804538], [46.7390034, 24.880449], [46.7390119, 24.8804448], [46.7390206, 24.880441], [46.7390295, 24.8804378], [46.7390387, 24.8804351], [46.739048, 24.8804329], [46.7390575, 24.8804313], [46.7390671, 24.8804303], [46.7390767, 24.8804298], [46.7390863, 24.8804299], [46.7391351, 24.8804337], [46.7391351, 24.8804337], [46.7392199, 24.8804424], [46.739304, 24.8804553]]]}}, {"type": "Feature", "properties": {"name": "Phase 4 - D", "layer": "ZONE"}, "geometry": {"type": "Polygon", "coordinates": [[[46.7424849, 24.8871354], [46.7409884, 24.8863995], [46.7409884, 24.8863995], [46.7409675, 24.8863883], [46.7409476, 24.8863758], [46.7409287, 24.8863621], [46.7409108, 24.8863472], [46.7408941, 24.8863313], [46.7408787, 24.8863143], [46.7408646, 24.8862963], [46.740852, 24.8862776], [46.7408408, 24.886258], [46.7408311, 24.8862378], [46.7408229, 24.886217], [46.7408164, 24.8861958], [46.7408115, 24.8861742], [46.7408083, 24.8861523], [46.7408068, 24.8861303], [46.7408069, 24.8861083], [46.7408087, 24.8860863], [46.7408122, 24.8860645], [46.7408174, 24.8860429], [46.7408242, 24.8860218], [46.7408326, 24.8860011], [46.7408425, 24.885981], [46.740854, 24.8859615], [46.743148, 24.882075], [46.743148, 24.882075], [46.7431596, 24.882054], [46.74317, 24.8820325], [46.7431792, 24.8820105], [46.7432183, 24.8819092], [46.7432183, 24.8819092], [46.7432278, 24.8818865], [46.7432386, 24.8818644], [46.7432507, 24.8818428], [46.743264, 24.8818218], [46.743293, 24.881779], [46.743293, 24.881779], [46.743298, 24.8817722], [46.7433034, 24.8817657], [46.7433093, 24.8817595], [46.7433156, 24.8817537], [46.7433223, 24.8817482], [46.7433294, 24.8817432], [46.7433368, 24.8817386], [46.7433446, 24.8817345], [46.7433526, 24.8817308], [46.7433608, 24.8817276], [46.7433608, 24.8817276], [46.743371, 24.8817262], [46.7433813, 24.8817254], [46.7433916, 24.8817253], [46.7434018, 24.8817259], [46.743412, 24.8817271], [46.7434221, 24.8817289], [46.743432, 24.8817314], [46.7434417, 24.8817345], [46.7434512, 24.8817382], [46.7434604, 24.8817424], [46.7434692, 24.8817473], [46.7435066, 24.8817733], [46.7436419, 24.8818786], [46.7452282, 24.8832372], [46.7452282, 24.8832372], [46.7452499, 24.8832569], [46.7452701, 24.8832779], [46.7452889, 24.8833], [46.7453061, 24.8833231], [46.7453061, 24.8833231], [46.7453138, 24.8833326], [46.7453207, 24.8833425], [46.745327, 24.8833528], [46.7453325, 24.8833635], [46.7453372, 24.8833745], [46.7453412, 24.8833858], [46.7453443, 24.8833972], [46.7453466, 24.8834089], [46.7453481, 24.8834206], [46.7453487, 24.8834324], [46.7453484, 24.8834442], [46.7453474, 24.883456], [46.7453454, 24.8834676], [46.7453427, 24.8834792], [46.7453391, 24.8834905], [46.7453391, 24.8834905], [46.7453346, 24.8835083], [46.7453294, 24.8835259], [46.7453294, 24.8835259], [46.745324, 24.8835495], [46.7453168, 24.8835726], [46.7453079, 24.8835952], [46.7452973, 24.8836173], [46.7452851, 24.8836385], [46.7452712, 24.883659], [46.7452559, 24.8836785], [46.745239, 24.8836971], [46.7452209, 24.8837145], [46.7452014, 24.8837307], [46.7451808, 24.8837456], [46.745159, 24.8837592], [46.745159, 24.8837592], [46.745054, 24.8838326], [46.745054, 24.8838326], [46.7449304, 24.8839264], [46.7448135, 24.884027], [46.7447037, 24.8841341], [46.7446015, 24.8842472], [46.7445072, 24.884366], [46.7444212, 24.8844899], [46.7444212, 24.8844899], [46.742923, 24.887015], [46.742923, 24.887015], [46.7429128, 24.8870321], [46.7429013, 24.8870485], [46.7428886, 24.8870641], [46.7428748, 24.8870789], [46.7428599, 24.8870929], [46.7428441, 24.8871059], [46.7428273, 24.8871178], [46.7428096, 24.8871288], [46.7427912, 24.8871386], [46.7427721, 24.8871472], [46.7427525, 24.8871547], [46.7427323, 24.8871609], [46.7427117, 24.8871659], [46.7426907, 24.8871696], [46.7426696, 24.887172], [46.7426483, 24.8871731], [46.742627, 24.8871729], [46.7426057, 24.8871713], [46.7425846, 24.8871685], [46.7425638, 24.8871644], [46.7425433, 24.887159], [46.7425233, 24.8871523], [46.7425038, 24.8871444], [46.7424849, 24.8871354]]]}}, {"type": "Feature", "properties": {"name": "Phase 4 - C", "layer": "ZONE"}, "geometry": {"type": "Polygon", "coordinates": [[[46.7453064, 24.8832171], [46.7448014, 24.8827843], [46.7436893, 24.8818325], [46.7436893, 24.8818325], [46.7436119, 24.8817697], [46.7435311, 24.8817105], [46.7435311, 24.8817105], [46.7435219, 24.8817036], [46.7435132, 24.8816962], [46.743505, 24.8816883], [46.7434974, 24.8816799], [46.7434905, 24.8816711], [46.7434842, 24.8816619], [46.7434786, 24.8816523], [46.7434736, 24.8816424], [46.7434695, 24.8816322], [46.743466, 24.8816218], [46.7434634, 24.8816112], [46.7434614, 24.8816005], [46.7434614, 24.8816005], [46.7434597, 24.8815909], [46.7434573, 24.8815815], [46.7434542, 24.8815723], [46.7434504, 24.8815633], [46.7434459, 24.8815545], [46.7434408, 24.881546], [46.743435, 24.8815379], [46.7434287, 24.8815301], [46.7434218, 24.8815228], [46.7434143, 24.8815159], [46.7434064, 24.8815095], [46.743398, 24.8815036], [46.7433892, 24.8814982], [46.74338, 24.8814934], [46.7433704, 24.8814892], [46.7433606, 24.8814856], [46.7433505, 24.8814826], [46.7433402, 24.8814803], [46.7433402, 24.8814803], [46.743333, 24.8814791], [46.7433257, 24.8814784], [46.7433184, 24.8814781], [46.743311, 24.8814784], [46.7433037, 24.8814791], [46.7432965, 24.8814802], [46.7432894, 24.8814818], [46.7432824, 24.8814839], [46.7432756, 24.8814864], [46.743269, 24.8814893], [46.743269, 24.8814893], [46.7432613, 24.8814927], [46.7432532, 24.8814957], [46.743245, 24.8814981], [46.7432366, 24.8815], [46.7432281, 24.8815014], [46.7432195, 24.8815023], [46.7432109, 24.8815026], [46.7432022, 24.8815024], [46.7431936, 24.8815016], [46.7431851, 24.8815003], [46.7431767, 24.8814984], [46.7431685, 24.881496], [46.7431604, 24.8814932], [46.7431526, 24.8814898], [46.7431451, 24.8814859], [46.7431451, 24.8814859], [46.7430963, 24.8814606], [46.7430461, 24.8814379], [46.7429945, 24.8814178], [46.7429417, 24.8814005], [46.740924, 24.8806744], [46.740924, 24.8806744], [46.7408921, 24.880664], [46.7408595, 24.8806554], [46.7408263, 24.8806488], [46.7393166, 24.8803932], [46.7393166, 24.8803932], [46.7392253, 24.8803797], [46.7391333, 24.8803701], [46.7391333, 24.8803701], [46.7391172, 24.8803682], [46.7391013, 24.8803654], [46.7390856, 24.8803616], [46.7390702, 24.8803569], [46.7390552, 24.8803512], [46.7390406, 24.8803446], [46.7390266, 24.8803372], [46.7390131, 24.8803289], [46.7390003, 24.8803198], [46.7389882, 24.88031], [46.7389882, 24.88031], [46.7389833, 24.8803055], [46.7389788, 24.8803007], [46.7389746, 24.8802956], [46.7389708, 24.8802903], [46.7389674, 24.8802848], [46.7389644, 24.8802791], [46.7389618, 24.8802732], [46.7389596, 24.8802672], [46.7389579, 24.8802611], [46.7389567, 24.8802549], [46.7389559, 24.8802486], [46.7389555, 24.8802422], [46.7389556, 24.8802359], [46.7389562, 24.8802296], [46.7389572, 24.8802233], [46.7389587, 24.8802171], [46.7389606, 24.8802111], [46.7391603, 24.8795602], [46.7391603, 24.8795602], [46.7391613, 24.8795573], [46.7391625, 24.8795544], [46.7391639, 24.8795516], [46.7391656, 24.879549], [46.7391674, 24.8795464], [46.7391694, 24.879544], [46.7391716, 24.8795416], [46.739174, 24.8795395], [46.7391765, 24.8795374], [46.7391792, 24.8795356], [46.739182, 24.8795339], [46.7391849, 24.8795324], [46.7391879, 24.879531], [46.7391911, 24.8795299], [46.7391943, 24.879529], [46.7391975, 24.8795282], [46.7392008, 24.8795277], [46.7392042, 24.8795273], [46.7392075, 24.8795272], [46.7392109, 24.8795273], [46.7392142, 24.8795276], [46.7392175, 24.8795281], [46.7392208, 24.8795288], [46.739224, 24.8795297], [46.7392271, 24.8795308], [46.7392541, 24.8794725], [46.7376345, 24.878849], [46.7376345, 24.878849], [46.737546, 24.8788181], [46.7374553, 24.8787928], [46.737363, 24.8787731], [46.7372695, 24.8787592], [46.7371751, 24.8787511], [46.7370804, 24.8787489], [46.7369857, 24.8787525], [46.7368915, 24.878762], [46.7367982, 24.8787773], [46.7349469, 24.879141], [46.7348585, 24.8791576], [46.7348585, 24.8791576], [46.73483, 24.8791621], [46.7348012, 24.8791648], [46.7347722, 24.8791657], [46.7347722, 24.8791657], [46.7347512, 24.8791662], [46.7347301, 24.8791677], [46.7347301, 24.8791677], [46.7347176, 24.8791685], [46.734705, 24.8791686], [46.7346925, 24.8791679], [46.73468, 24.8791664], [46.7346677, 24.8791641], [46.7346556, 24.8791611], [46.7346437, 24.8791573], [46.7346322, 24.8791528], [46.734621, 24.8791476], [46.7346102, 24.8791417], [46.7345999, 24.8791351], [46.7345901, 24.879128], [46.7345808, 24.8791202], [46.7345722, 24.8791119], [46.7345642, 24.879103], [46.7345642, 24.879103], [46.7345546, 24.8790924], [46.7345442, 24.8790824], [46.7345331, 24.8790731], [46.7345213, 24.8790645], [46.7345089, 24.8790567], [46.734496, 24.8790496], [46.7344825, 24.8790433], [46.7344686, 24.8790379], [46.7344544, 24.8790334], [46.7344398, 24.8790298], [46.7344398, 24.8790298], [46.7344202, 24.8790249], [46.7344011, 24.8790189], [46.7343824, 24.8790118], [46.7343642, 24.8790035], [46.7343467, 24.8789941], [46.7343299, 24.8789837], [46.7343139, 24.8789724], [46.7342988, 24.8789601], [46.7342846, 24.8789469], [46.7342713, 24.8789328], [46.7342591, 24.878918], [46.7342481, 24.8789026], [46.7342381, 24.8788864], [46.7338388, 24.878261], [46.7338388, 24.878261], [46.7338293, 24.878245], [46.733821, 24.8782283], [46.733814, 24.8782113], [46.7338082, 24.8781938], [46.7338036, 24.878176], [46.7338004, 24.878158], [46.7337985, 24.8781398], [46.733798, 24.8781216], [46.7337988, 24.8781034], [46.7338009, 24.8780852], [46.7338043, 24.8780672], [46.733809, 24.8780495], [46.733815, 24.8780321], [46.7338223, 24.8780151], [46.7338308, 24.8779986], [46.7338308, 24.8779986], [46.7338375, 24.8779874], [46.733845, 24.8779767], [46.7338533, 24.8779665], [46.7338622, 24.8779568], [46.7338719, 24.8779477], [46.7338822, 24.8779391], [46.7338931, 24.8779312], [46.7339045, 24.877924], [46.7339165, 24.8779175], [46.7339288, 24.8779117], [46.7339416, 24.8779066], [46.7339547, 24.8779023], [46.7339681, 24.8778988], [46.7360593, 24.877061], [46.7360593, 24.877061], [46.7361525, 24.8770203], [46.7362426, 24.8769741], [46.7363291, 24.8769226], [46.7364118, 24.876866], [46.7364902, 24.8768046], [46.7370724, 24.8768661], [46.7381799, 24.8775212], [46.7402533, 24.8798065], [46.7421749, 24.8794954], [46.7423399, 24.8794783], [46.742508, 24.8794807], [46.7426709, 24.879502], [46.7427853, 24.8795229], [46.7451143, 24.8799479], [46.7452991, 24.879996], [46.7454732, 24.8800674], [46.7456349, 24.8801613], [46.7457797, 24.8802751], [46.7459055, 24.8804072], [46.7473712, 24.8821934], [46.7473712, 24.8821934], [46.7473731, 24.882196], [46.7473749, 24.8821987], [46.7473765, 24.8822015], [46.7473778, 24.8822044], [46.7473789, 24.8822073], [46.7473798, 24.8822104], [46.7473805, 24.8822135], [46.7473809, 24.8822166], [46.747381, 24.8822197], [46.747381, 24.8822229], [46.7473807, 24.882226], [46.7473801, 24.8822291], [46.7473794, 24.8822321], [46.7473784, 24.8822352], [46.7473771, 24.8822381], [46.7473757, 24.8822409], [46.747374, 24.8822437], [46.7473721, 24.8822463], [46.7473701, 24.8822488], [46.7473678, 24.8822512], [46.7473654, 24.8822534], [46.7473628, 24.8822555], [46.7459141, 24.8832447], [46.7459141, 24.8832447], [46.7458959, 24.8832563], [46.7458769, 24.8832668], [46.7458572, 24.8832762], [46.7458369, 24.8832844], [46.7458161, 24.8832914], [46.7457948, 24.8832971], [46.7457732, 24.8833016], [46.7457512, 24.8833047], [46.7457291, 24.8833066], [46.7457069, 24.8833072], [46.7456848, 24.8833065], [46.7456627, 24.8833044], [46.7456627, 24.8833044], [46.7456441, 24.8833027], [46.7456255, 24.883302], [46.7456068, 24.8833024], [46.7455882, 24.8833039], [46.7455698, 24.8833064], [46.7455515, 24.8833099], [46.7455515, 24.8833099], [46.7455387, 24.8833124], [46.7455258, 24.8833141], [46.7455127, 24.883315], [46.7454997, 24.8833152], [46.7454866, 24.8833145], [46.7454736, 24.883313], [46.7454607, 24.8833108], [46.7454481, 24.8833078], [46.7454357, 24.8833041], [46.7454235, 24.8832996], [46.7454118, 24.8832944], [46.7454004, 24.8832884], [46.7453895, 24.8832819], [46.7453791, 24.8832746], [46.7453692, 24.8832668], [46.7453064, 24.8832171]]]}}, {"type": "Feature", "properties": {"name": "Phase 5 - A", "layer": "ZONE"}, "geometry": {"type": "Polygon", "coordinates": [[[46.7410449, 24.8914508], [46.7409275, 24.8910939], [46.7413056, 24.8904554], [46.7417898, 24.8894911], [46.7428377, 24.8877214], [46.7428377, 24.8877214], [46.7428605, 24.8877193], [46.742883, 24.8877157], [46.7429053, 24.8877108], [46.7429271, 24.8877045], [46.7429484, 24.8876969], [46.7429691, 24.887688], [46.7429691, 24.887688], [46.7429916, 24.8876938], [46.7430137, 24.887701], [46.7430352, 24.8877096], [46.7430559, 24.8877196], [46.7430759, 24.8877308], [46.743095, 24.8877432], [46.7445625, 24.8887684], [46.7445625, 24.8887684], [46.7445787, 24.8887805], [46.7445938, 24.8887935], [46.744608, 24.8888075], [46.7446211, 24.8888223], [46.7446331, 24.8888379], [46.7446439, 24.8888542], [46.7446534, 24.8888711], [46.7446616, 24.8888886], [46.7446686, 24.8889066], [46.7446741, 24.8889249], [46.7446783, 24.8889436], [46.7446811, 24.8889625], [46.7446811, 24.8889625], [46.7446842, 24.8889836], [46.7446856, 24.889005], [46.7446855, 24.8890263], [46.7446838, 24.8890476], [46.7446805, 24.8890688], [46.7446756, 24.8890897], [46.7446692, 24.8891102], [46.7446612, 24.8891303], [46.7446518, 24.8891499], [46.7446409, 24.8891688], [46.7446287, 24.889187], [46.7446151, 24.8892044], [46.7430603, 24.8910577], [46.7428342, 24.8913728], [46.7426254, 24.891625], [46.7425924, 24.891602], [46.742412, 24.8918171], [46.7424906, 24.891872], [46.7423365, 24.892085], [46.7410449, 24.8914508]]]}}, {"type": "Feature", "properties": {"name": "Phase 5 - B", "layer": "ZONE"}, "geometry": {"type": "Polygon", "coordinates": [[[46.7423365, 24.892085], [46.7424906, 24.891872], [46.7425692, 24.8919268], [46.7427496, 24.8917117], [46.7427166, 24.8916887], [46.7428867, 24.891486], [46.7429287, 24.8914392], [46.7432055, 24.8911516], [46.7447581, 24.8893042], [46.7447581, 24.8893042], [46.7447731, 24.8892876], [46.7447893, 24.889272], [46.7448066, 24.8892574], [46.7448249, 24.889244], [46.7448443, 24.8892317], [46.7448645, 24.8892206], [46.7448855, 24.8892109], [46.7449071, 24.8892024], [46.7449294, 24.8891954], [46.7449521, 24.8891897], [46.7449752, 24.8891855], [46.7449985, 24.8891827], [46.7449985, 24.8891827], [46.7450224, 24.8891814], [46.7450464, 24.8891815], [46.7450702, 24.889183], [46.7450939, 24.889186], [46.7451174, 24.8891904], [46.7451404, 24.8891962], [46.745163, 24.8892033], [46.7451851, 24.8892119], [46.7452064, 24.8892217], [46.745227, 24.8892328], [46.7452468, 24.8892451], [46.7469649, 24.8904443], [46.7469649, 24.8904443], [46.7470645, 24.890509], [46.7471688, 24.8905673], [46.7472772, 24.890619], [46.7473893, 24.8906637], [46.7475044, 24.8907012], [46.7476221, 24.8907315], [46.7487934, 24.8909932], [46.7487934, 24.8909932], [46.7488167, 24.8909992], [46.7488396, 24.8910067], [46.7488619, 24.8910155], [46.7488834, 24.8910257], [46.7489041, 24.8910372], [46.748924, 24.8910499], [46.7489428, 24.8910639], [46.7489606, 24.891079], [46.7489771, 24.8910952], [46.7489925, 24.8911123], [46.7490065, 24.8911304], [46.7490065, 24.8911304], [46.7490189, 24.8911488], [46.7490298, 24.891168], [46.7490393, 24.8911878], [46.7490473, 24.8912081], [46.7490537, 24.8912289], [46.7490586, 24.89125], [46.7490619, 24.8912714], [46.7490636, 24.8912929], [46.7490637, 24.8913145], [46.7490621, 24.8913361], [46.749059, 24.8913575], [46.7490543, 24.8913787], [46.7484445, 24.8936494], [46.7484445, 24.8936494], [46.748439, 24.8936724], [46.7484348, 24.8936956], [46.748432, 24.8937189], [46.748432, 24.8937189], [46.7484221, 24.893826], [46.7484221, 24.893826], [46.7484183, 24.8938555], [46.7484124, 24.8938847], [46.7484044, 24.8939135], [46.7480011, 24.8938655], [46.7476904, 24.89382], [46.747111, 24.8937194], [46.746411, 24.893575], [46.7462112, 24.8935275], [46.7456631, 24.893384], [46.7448609, 24.8931406], [46.7440994, 24.8928732], [46.7433725, 24.8925763], [46.742663, 24.8922462], [46.7423365, 24.892085]]]}}, {"type": "Feature", "properties": {"name": "Phase 5 - C", "layer": "ZONE"}, "geometry": {"type": "Polygon", "coordinates": [[[46.7486194, 24.8936885], [46.7492292, 24.8914178], [46.7492292, 24.8914178], [46.7492354, 24.8913978], [46.7492429, 24.8913783], [46.7492519, 24.8913592], [46.7492622, 24.8913408], [46.7492739, 24.891323], [46.7492868, 24.8913059], [46.7493009, 24.8912897], [46.7493161, 24.8912743], [46.7493325, 24.8912599], [46.7493498, 24.8912466], [46.7493681, 24.8912343], [46.7493681, 24.8912343], [46.7493892, 24.8912219], [46.7494113, 24.891211], [46.7494341, 24.8912015], [46.7494576, 24.8911935], [46.7494817, 24.8911869], [46.7495062, 24.8911819], [46.749531, 24.8911785], [46.749556, 24.8911767], [46.7495811, 24.8911765], [46.7496061, 24.8911778], [46.749631, 24.8911808], [46.7496556, 24.8911853], [46.7496798, 24.8911914], [46.7506123, 24.8913996], [46.7506123, 24.8913996], [46.7507318, 24.8914223], [46.7508527, 24.8914376], [46.7509746, 24.8914452], [46.7510967, 24.8914451], [46.7512185, 24.8914375], [46.7513394, 24.8914222], [46.7526495, 24.8912146], [46.7526495, 24.8912146], [46.7526736, 24.8912115], [46.7526979, 24.89121], [46.7527222, 24.8912101], [46.7527465, 24.8912117], [46.7527706, 24.8912148], [46.7527944, 24.8912194], [46.7528178, 24.8912256], [46.7528407, 24.8912332], [46.7528629, 24.8912423], [46.7528844, 24.8912527], [46.752905, 24.8912645], [46.752905, 24.8912645], [46.752924, 24.891277], [46.7529419, 24.8912906], [46.7529589, 24.8913053], [46.7529748, 24.8913209], [46.7529895, 24.8913375], [46.753003, 24.8913549], [46.7530151, 24.8913731], [46.753026, 24.891392], [46.7530354, 24.8914115], [46.7530435, 24.8914315], [46.75305, 24.891452], [46.7530551, 24.8914728], [46.7534317, 24.8934495], [46.7534317, 24.8934495], [46.7534368, 24.8934726], [46.7534431, 24.8934954], [46.7534508, 24.8935178], [46.7534888, 24.8936195], [46.7534888, 24.8936195], [46.7534967, 24.8936427], [46.7535032, 24.8936662], [46.7535083, 24.89369], [46.753512, 24.893714], [46.753512, 24.893714], [46.7535163, 24.893753], [46.753172, 24.893812], [46.752296, 24.8939295], [46.751581, 24.8939897], [46.7509031, 24.89402], [46.7500378, 24.8940236], [46.7491147, 24.8939816], [46.7487719, 24.8939532], [46.7485243, 24.8939265], [46.7485243, 24.8939265], [46.7485565, 24.8938398], [46.7485953, 24.8937554], [46.7485953, 24.8937554], [46.7486046, 24.8937335], [46.7486127, 24.8937112], [46.7486194, 24.8936885]]]}}, {"type": "Feature", "properties": {"name": "Phase 5 - I", "layer": "ZONE"}, "geometry": {"type": "Polygon", "coordinates": [[[46.7431068, 24.8872669], [46.7445875, 24.884767], [46.7445875, 24.884767], [46.7446571, 24.8846489], [46.7447348, 24.884535], [46.7448202, 24.8844259], [46.7449131, 24.8843219], [46.7450129, 24.8842234], [46.7451194, 24.8841309], [46.7452321, 24.8840448], [46.7455032, 24.8838591], [46.7455032, 24.8838591], [46.7455032, 24.8838591], [46.7455253, 24.8838659], [46.7455479, 24.8838713], [46.7455709, 24.8838753], [46.745594, 24.8838779], [46.7456174, 24.8838791], [46.7456407, 24.8838787], [46.745664, 24.883877], [46.7456871, 24.8838738], [46.7457099, 24.8838692], [46.7457323, 24.8838631], [46.7457542, 24.8838557], [46.7457755, 24.883847], [46.7457961, 24.8838369], [46.7458159, 24.8838256], [46.7458348, 24.8838131], [46.7458623, 24.883814], [46.7458869, 24.8838168], [46.7459169, 24.8838216], [46.7459403, 24.8838279], [46.7459641, 24.8838355], [46.745987, 24.8838447], [46.7474982, 24.8845811], [46.7474982, 24.8845811], [46.7475173, 24.8845912], [46.7475357, 24.8846025], [46.7475532, 24.8846149], [46.7475697, 24.8846284], [46.7475852, 24.8846429], [46.7475995, 24.8846583], [46.7476127, 24.8846745], [46.7476246, 24.8846916], [46.7476352, 24.8847093], [46.7476445, 24.8847277], [46.7476523, 24.8847465], [46.7476588, 24.8847659], [46.7476637, 24.8847856], [46.7476672, 24.8848055], [46.7476692, 24.8848256], [46.7476697, 24.8848459], [46.7476687, 24.884866], [46.7476661, 24.8848861], [46.7476621, 24.884906], [46.7476566, 24.8849255], [46.7476496, 24.8849447], [46.7476412, 24.8849634], [46.7476314, 24.8849816], [46.745974, 24.8878118], [46.745974, 24.8878118], [46.7459455, 24.8878574], [46.7459145, 24.8879016], [46.745881, 24.8879442], [46.745881, 24.8879442], [46.7458247, 24.8880078], [46.745764, 24.888068], [46.7456993, 24.8881246], [46.745229, 24.8885601], [46.745229, 24.8885601], [46.745212, 24.8885748], [46.7451939, 24.8885884], [46.7451749, 24.8886009], [46.745155, 24.8886121], [46.7451343, 24.8886221], [46.7451129, 24.8886308], [46.7450909, 24.8886381], [46.7450684, 24.888644], [46.7450455, 24.8886485], [46.7450223, 24.8886516], [46.744999, 24.8886533], [46.7449755, 24.8886534], [46.7449755, 24.8886534], [46.7449558, 24.8886536], [46.744936, 24.888655], [46.744936, 24.888655], [46.7449123, 24.8886566], [46.7448884, 24.8886568], [46.7448646, 24.8886554], [46.744841, 24.8886525], [46.7448176, 24.8886482], [46.7447947, 24.8886423], [46.7447722, 24.8886351], [46.7447504, 24.8886264], [46.7447292, 24.8886164], [46.7447089, 24.888605], [46.7446894, 24.8885924], [46.7432336, 24.8875762], [46.7432336, 24.8875762], [46.7432156, 24.8875627], [46.7431986, 24.8875482], [46.7431828, 24.8875326], [46.7431681, 24.8875161], [46.7431547, 24.8874987], [46.7431427, 24.8874805], [46.7431427, 24.8874805], [46.7431465, 24.8874607], [46.743149, 24.8874408], [46.74315, 24.8874207], [46.7431495, 24.8874007], [46.7431477, 24.8873806], [46.7431443, 24.8873608], [46.7431396, 24.8873412], [46.7431334, 24.8873219], [46.7431259, 24.887303], [46.743117, 24.8872847], [46.7431068, 24.8872669]]]}}, {"type": "Feature", "properties": {"name": "Phase 5 - H", "layer": "ZONE"}, "geometry": {"type": "Polygon", "coordinates": [[[46.7520006, 24.8886848], [46.7520995, 24.8886806], [46.7524852, 24.891028], [46.7513001, 24.8912158], [46.7513001, 24.8912158], [46.7511945, 24.8912291], [46.7510882, 24.8912358], [46.7509816, 24.8912358], [46.7508752, 24.8912291], [46.7507697, 24.8912157], [46.7506653, 24.8911958], [46.7497243, 24.8909856], [46.7497243, 24.8909856], [46.7496991, 24.8909791], [46.7496744, 24.8909711], [46.7496503, 24.8909616], [46.749627, 24.8909507], [46.7496045, 24.8909384], [46.7495829, 24.8909248], [46.7495625, 24.8909099], [46.7495431, 24.8908937], [46.749525, 24.8908764], [46.7495082, 24.8908581], [46.7494927, 24.8908388], [46.7494927, 24.8908388], [46.7494813, 24.8908244], [46.7494688, 24.8908109], [46.7494554, 24.8907981], [46.7494411, 24.8907861], [46.7494259, 24.8907751], [46.74941, 24.8907649], [46.7493933, 24.8907558], [46.749376, 24.8907478], [46.7493582, 24.8907407], [46.7493399, 24.8907348], [46.7493212, 24.89073], [46.7493022, 24.8907264], [46.749283, 24.8907239], [46.7492636, 24.8907226], [46.7492442, 24.8907225], [46.7492248, 24.8907236], [46.7492056, 24.8907258], [46.7491865, 24.8907292], [46.7491677, 24.8907338], [46.7491494, 24.8907395], [46.7491314, 24.8907463], [46.749114, 24.8907541], [46.749114, 24.8907541], [46.7490905, 24.8907648], [46.7490663, 24.890774], [46.7490415, 24.8907816], [46.7490162, 24.8907878], [46.7489904, 24.8907924], [46.7489644, 24.8907954], [46.7489383, 24.8907969], [46.748912, 24.8907967], [46.7488859, 24.8907949], [46.7488599, 24.8907916], [46.7488343, 24.8907867], [46.7476768, 24.8905281], [46.7476768, 24.8905281], [46.7475743, 24.8905017], [46.747474, 24.890469], [46.7473764, 24.8904301], [46.747282, 24.8903851], [46.7471912, 24.8903343], [46.7471044, 24.890278], [46.7453863, 24.8890788], [46.7453863, 24.8890788], [46.7453693, 24.8890661], [46.7453531, 24.8890524], [46.745338, 24.8890378], [46.7453239, 24.8890224], [46.745311, 24.8890061], [46.7452992, 24.8889891], [46.7452886, 24.8889715], [46.7452886, 24.8889715], [46.7452817, 24.8889579], [46.7452757, 24.8889438], [46.7452709, 24.8889294], [46.7452671, 24.8889148], [46.7452643, 24.8888999], [46.7452627, 24.888885], [46.7452623, 24.8888699], [46.7452629, 24.8888549], [46.7452646, 24.8888399], [46.7452674, 24.8888251], [46.7452714, 24.8888105], [46.7452714, 24.8888105], [46.7452779, 24.8887917], [46.7452857, 24.8887733], [46.7452947, 24.8887553], [46.745305, 24.888738], [46.7453164, 24.8887212], [46.745329, 24.8887052], [46.7453426, 24.8886899], [46.7453573, 24.8886754], [46.7459162, 24.8881579], [46.7459162, 24.8881579], [46.7459661, 24.8881089], [46.7460129, 24.8880573], [46.7460564, 24.8880034], [46.7460964, 24.8879473], [46.7461328, 24.8878892], [46.7477903, 24.885059], [46.7477903, 24.885059], [46.7478014, 24.8850415], [46.7478138, 24.8850247], [46.7478274, 24.8850088], [46.7478422, 24.8849937], [46.747858, 24.8849796], [46.7478749, 24.8849665], [46.7478927, 24.8849545], [46.7479114, 24.8849437], [46.7479308, 24.884934], [46.747951, 24.8849255], [46.7479717, 24.8849184], [46.7479929, 24.8849125], [46.7480145, 24.884908], [46.7480363, 24.8849048], [46.7480584, 24.884903], [46.7480805, 24.8849025], [46.7481027, 24.8849035], [46.7481247, 24.8849058], [46.7481465, 24.8849095], [46.7481679, 24.8849145], [46.7481889, 24.8849208], [46.7482094, 24.8849285], [46.7482293, 24.8849374], [46.7494315, 24.8855232], [46.7494315, 24.8855232], [46.7494966, 24.8855524], [46.7495636, 24.8855775], [46.7496324, 24.8855985], [46.7497025, 24.8856152], [46.7497737, 24.8856276], [46.7498457, 24.8856356], [46.7499181, 24.8856392], [46.7499905, 24.8856383], [46.7515257, 24.8855731], [46.7515257, 24.8855731], [46.7515497, 24.8855728], [46.7515737, 24.8855741], [46.7515975, 24.8855768], [46.7516211, 24.8855811], [46.7516442, 24.8855869], [46.7516669, 24.8855941], [46.751689, 24.8856028], [46.7517103, 24.8856128], [46.7517309, 24.8856241], [46.7517505, 24.8856368], [46.7517691, 24.8856506], [46.7517866, 24.8856656], [46.7518029, 24.8856817], [46.751818, 24.8856987], [46.7518317, 24.8857167], [46.751844, 24.8857355], [46.7518549, 24.885755], [46.7518642, 24.8857752], [46.751872, 24.8857959], [46.7518782, 24.8858171], [46.7518828, 24.8858386], [46.7518857, 24.8858603], [46.7518869, 24.8858822], [46.7518865, 24.8859041], [46.7518643, 24.8859207], [46.7520006, 24.8886848]]]}}, {"type": "Feature", "properties": {"name": "Phase 5 - F", "layer": "ZONE"}, "geometry": {"type": "Polygon", "coordinates": [[[46.7524852, 24.891028], [46.7520995, 24.8886806], [46.7521983, 24.8886764], [46.7520521, 24.8859127], [46.7520266, 24.885897], [46.7520266, 24.885897], [46.7520177, 24.8858911], [46.7520093, 24.8858847], [46.7520014, 24.8858777], [46.751994, 24.8858703], [46.7519873, 24.8858624], [46.7519811, 24.8858541], [46.7519756, 24.8858455], [46.7519708, 24.8858365], [46.7519667, 24.8858273], [46.7519632, 24.8858178], [46.7519605, 24.8858081], [46.7519586, 24.8857982], [46.7519574, 24.8857883], [46.751957, 24.8857783], [46.7519573, 24.8857683], [46.7519584, 24.8857583], [46.7519602, 24.8857485], [46.7519628, 24.8857387], [46.7519661, 24.8857292], [46.7519702, 24.8857199], [46.7519749, 24.8857109], [46.7519803, 24.8857022], [46.7519864, 24.8856938], [46.751993, 24.8856859], [46.7520003, 24.8856784], [46.7520081, 24.8856714], [46.7520164, 24.8856649], [46.7520252, 24.8856589], [46.7520345, 24.8856535], [46.7520441, 24.8856487], [46.7520541, 24.8856446], [46.7520643, 24.885641], [46.7520748, 24.8856382], [46.7520855, 24.885636], [46.7520964, 24.8856345], [46.7521073, 24.8856336], [46.7521183, 24.8856335], [46.7521183, 24.8856335], [46.7521389, 24.8856332], [46.7521594, 24.8856317], [46.7521798, 24.8856288], [46.7521999, 24.8856247], [46.7522196, 24.8856193], [46.7522389, 24.8856127], [46.7522576, 24.8856049], [46.7522757, 24.8855959], [46.752293, 24.8855858], [46.7523096, 24.8855746], [46.7523253, 24.8855624], [46.75234, 24.8855492], [46.7523536, 24.8855351], [46.7545127, 24.885446], [46.7545127, 24.885446], [46.7545367, 24.8854458], [46.7545606, 24.885447], [46.7545844, 24.8854497], [46.7546079, 24.8854539], [46.7546311, 24.8854595], [46.7546538, 24.8854665], [46.7546759, 24.8854749], [46.7546973, 24.8854847], [46.754718, 24.8854958], [46.7547378, 24.8855081], [46.7547566, 24.8855216], [46.7547744, 24.8855362], [46.7547911, 24.8855519], [46.7548065, 24.8855687], [46.7548207, 24.8855863], [46.7548336, 24.8856047], [46.754845, 24.8856239], [46.754855, 24.8856438], [46.7548635, 24.8856642], [46.7548705, 24.8856852], [46.7548758, 24.8857065], [46.7548796, 24.8857281], [46.7548818, 24.8857498], [46.7549347, 24.8865875], [46.7549347, 24.8865875], [46.7549542, 24.8867801], [46.7549881, 24.8869711], [46.7550364, 24.8871594], [46.7550987, 24.8873443], [46.7551748, 24.8875248], [46.7552643, 24.8877002], [46.7553668, 24.8878695], [46.7554819, 24.888032], [46.7556089, 24.8881869], [46.7557472, 24.8883335], [46.7557472, 24.8883335], [46.756146, 24.8887276], [46.756146, 24.8887276], [46.7561618, 24.8887443], [46.7561763, 24.888762], [46.7561894, 24.8887805], [46.7562012, 24.8887998], [46.7562114, 24.8888198], [46.7562202, 24.8888404], [46.7562274, 24.8888615], [46.756233, 24.8888829], [46.7562369, 24.8889047], [46.7562393, 24.8889267], [46.7562399, 24.8889487], [46.756239, 24.8889708], [46.7562364, 24.8889927], [46.7562321, 24.8890145], [46.7562262, 24.8890359], [46.7562188, 24.8890569], [46.7562098, 24.8890774], [46.7561992, 24.8890972], [46.7561873, 24.8891164], [46.7561739, 24.8891348], [46.7561591, 24.8891523], [46.7561431, 24.8891688], [46.7561259, 24.8891844], [46.7546075, 24.8904626], [46.7546075, 24.8904626], [46.754533, 24.8905214], [46.7544545, 24.8905758], [46.7543723, 24.8906255], [46.7542869, 24.8906704], [46.7541985, 24.8907102], [46.7541075, 24.8907448], [46.7540143, 24.8907741], [46.7539192, 24.8907978], [46.7538227, 24.890816], [46.7538227, 24.890816], [46.7534963, 24.8908678], [46.7534963, 24.8908678], [46.7534703, 24.8908711], [46.7534442, 24.8908728], [46.753418, 24.8908729], [46.7533918, 24.8908714], [46.7533658, 24.8908684], [46.7533401, 24.8908638], [46.7533148, 24.8908576], [46.7532899, 24.8908498], [46.7532657, 24.8908406], [46.7532423, 24.89083], [46.7532196, 24.8908179], [46.7532196, 24.8908179], [46.7532029, 24.890809], [46.7531855, 24.8908011], [46.7531676, 24.8907943], [46.7531492, 24.8907886], [46.7531304, 24.890784], [46.7531114, 24.8907805], [46.7530921, 24.8907783], [46.7530727, 24.8907772], [46.7530533, 24.8907773], [46.753034, 24.8907785], [46.7530147, 24.890781], [46.7529957, 24.8907846], [46.752977, 24.8907894], [46.7529587, 24.8907953], [46.7529409, 24.8908022], [46.7529236, 24.8908103], [46.7529069, 24.8908194], [46.752891, 24.8908295], [46.7528758, 24.8908405], [46.7528614, 24.8908525], [46.752848, 24.8908652], [46.7528355, 24.8908788], [46.7528355, 24.8908788], [46.7528186, 24.8908971], [46.7528005, 24.8909144], [46.7527811, 24.8909305], [46.7527606, 24.8909454], [46.7527391, 24.890959], [46.7527166, 24.8909713], [46.7526932, 24.8909822], [46.7526691, 24.8909916], [46.7526444, 24.8909996], [46.7526191, 24.891006], [46.7525935, 24.8910109], [46.7524852, 24.891028]]]}}, {"type": "Feature", "properties": {"name": "Phase 5 - D", "layer": "ZONE"}, "geometry": {"type": "Polygon", "coordinates": [[[46.7532328, 24.8914382], [46.7536092, 24.8934214], [46.7536092, 24.8934214], [46.7536129, 24.8934447], [46.7536153, 24.8934681], [46.7536164, 24.8934916], [46.7536183, 24.893599], [46.7536183, 24.893599], [46.7536196, 24.8936256], [46.7536227, 24.8936521], [46.7536274, 24.8936784], [46.7536339, 24.8937044], [46.7536421, 24.89373], [46.753953, 24.8936681], [46.7543977, 24.8935702], [46.7548291, 24.8934646], [46.7552494, 24.89335], [46.7557371, 24.8931967], [46.7562519, 24.8930093], [46.7570093, 24.8927272], [46.7576562, 24.8924343], [46.7584153, 24.8920449], [46.7590719, 24.8916672], [46.7592514, 24.891564], [46.7592514, 24.891564], [46.7589558, 24.8913733], [46.7586751, 24.8911647], [46.7586751, 24.8911647], [46.7584922, 24.8910199], [46.7583176, 24.8908669], [46.7581517, 24.890706], [46.7567976, 24.8893733], [46.7567976, 24.8893733], [46.7567794, 24.8893565], [46.7567599, 24.889341], [46.7567394, 24.8893266], [46.7567178, 24.8893136], [46.7566953, 24.8893019], [46.756672, 24.8892917], [46.756648, 24.8892829], [46.7566234, 24.8892757], [46.7565983, 24.88927], [46.7565729, 24.8892658], [46.7565471, 24.8892633], [46.7565213, 24.8892623], [46.7564955, 24.889263], [46.7564697, 24.8892653], [46.7564442, 24.8892691], [46.756419, 24.8892745], [46.7563943, 24.8892815], [46.7563702, 24.88929], [46.7563467, 24.8893], [46.7563241, 24.8893114], [46.7563024, 24.8893242], [46.7562816, 24.8893383], [46.7547704, 24.8906104], [46.7547704, 24.8906104], [46.7546841, 24.8906786], [46.7545932, 24.8907417], [46.7544981, 24.8907995], [46.7543992, 24.8908517], [46.754297, 24.8908981], [46.7541917, 24.8909385], [46.7540838, 24.8909727], [46.7539738, 24.8910008], [46.753862, 24.8910224], [46.7535699, 24.8910687], [46.7535699, 24.8910687], [46.7535453, 24.8910705], [46.7535209, 24.8910739], [46.7534968, 24.8910789], [46.7534731, 24.8910853], [46.75345, 24.8910932], [46.7534275, 24.8911025], [46.7534058, 24.8911133], [46.753385, 24.8911253], [46.7533651, 24.8911387], [46.7533463, 24.8911533], [46.7533286, 24.891169], [46.7533122, 24.8911858], [46.7532971, 24.8912036], [46.7532833, 24.8912223], [46.753271, 24.8912419], [46.7532602, 24.8912621], [46.753251, 24.891283], [46.7532434, 24.8913044], [46.7532374, 24.8913263], [46.7532331, 24.8913484], [46.7532305, 24.8913708], [46.7532296, 24.8913933], [46.7532303, 24.8914158], [46.7532328, 24.8914382]]]}}, {"type": "Feature", "properties": {"name": "Phase 5 - E", "layer": "ZONE"}, "geometry": {"type": "Polygon", "coordinates": [[[46.7612571, 24.8902368], [46.7606272, 24.8907011], [46.7599425, 24.8911589], [46.7594675, 24.8914424], [46.7594675, 24.8914424], [46.7591585, 24.8912482], [46.7588636, 24.8910365], [46.7585841, 24.8908082], [46.758321, 24.8905641], [46.75697, 24.8892288], [46.75697, 24.8892288], [46.7569491, 24.8892057], [46.7569299, 24.8891813], [46.7569126, 24.8891558], [46.7568972, 24.8891293], [46.7568838, 24.8891019], [46.7568726, 24.8890737], [46.7568635, 24.8890448], [46.7568565, 24.8890155], [46.7568518, 24.8889858], [46.7568493, 24.8889559], [46.7568493, 24.8889559], [46.7568478, 24.8889379], [46.756845, 24.88892], [46.7568409, 24.8889023], [46.7568355, 24.888885], [46.7568289, 24.888868], [46.756821, 24.8888514], [46.7568119, 24.8888353], [46.7568016, 24.8888199], [46.7567903, 24.8888051], [46.7567778, 24.888791], [46.7567644, 24.8887778], [46.75675, 24.8887653], [46.7567348, 24.8887538], [46.7567187, 24.8887432], [46.7567019, 24.8887337], [46.7566844, 24.8887252], [46.7566664, 24.8887178], [46.7566478, 24.8887115], [46.7566288, 24.8887063], [46.7566095, 24.8887023], [46.7565899, 24.8886996], [46.7565899, 24.8886996], [46.7565596, 24.8886953], [46.7565295, 24.8886892], [46.7565, 24.8886814], [46.7564711, 24.8886719], [46.7564428, 24.8886607], [46.7564155, 24.888648], [46.7563891, 24.8886336], [46.7563637, 24.8886177], [46.7563395, 24.8886004], [46.7563166, 24.8885817], [46.756295, 24.8885617], [46.756295, 24.8885617], [46.7559187, 24.8881898], [46.7559187, 24.8881898], [46.7557906, 24.8880541], [46.7556731, 24.8879108], [46.7555666, 24.8877604], [46.7554717, 24.8876037], [46.7553889, 24.8874414], [46.7553184, 24.8872743], [46.7552608, 24.8871031], [46.7552161, 24.8869288], [46.7551847, 24.8867521], [46.7551667, 24.8865738], [46.7551138, 24.8857361], [46.7551138, 24.8857361], [46.7551132, 24.8857144], [46.7551143, 24.8856927], [46.7551171, 24.8856711], [46.7551215, 24.8856497], [46.7551275, 24.8856287], [46.7551351, 24.8856081], [46.7551442, 24.885588], [46.7551549, 24.8855685], [46.755167, 24.8855498], [46.7551805, 24.8855319], [46.7551953, 24.8855149], [46.7551953, 24.8855149], [46.7552079, 24.8855007], [46.7552193, 24.8854858], [46.7552296, 24.8854702], [46.7552387, 24.885454], [46.7552465, 24.8854373], [46.755253, 24.8854201], [46.7552583, 24.8854025], [46.7552621, 24.8853847], [46.7552647, 24.8853666], [46.7552658, 24.8853485], [46.7552656, 24.8853303], [46.7552639, 24.8853121], [46.755261, 24.8852942], [46.7552566, 24.8852764], [46.7552509, 24.885259], [46.755244, 24.8852419], [46.7552357, 24.8852254], [46.7552262, 24.8852094], [46.7552155, 24.885194], [46.7552037, 24.8851793], [46.7551908, 24.8851655], [46.7551769, 24.8851524], [46.7551769, 24.8851524], [46.7551607, 24.8851383], [46.7551456, 24.8851232], [46.7551316, 24.8851073], [46.7551187, 24.8850906], [46.7551071, 24.8850731], [46.7550967, 24.885055], [46.7550877, 24.8850363], [46.75508, 24.8850171], [46.7550737, 24.8849975], [46.7550688, 24.8849776], [46.7550653, 24.8849574], [46.7550633, 24.8849371], [46.755042, 24.8845999], [46.7551268, 24.8846053], [46.7551553, 24.8845939], [46.7551906, 24.8845899], [46.7552139, 24.8845753], [46.7552506, 24.8845749], [46.7552616, 24.8845432], [46.7552867, 24.8845326], [46.7553993, 24.8845507], [46.755614, 24.8845347], [46.7557556, 24.8845474], [46.7558184, 24.8845609], [46.7558184, 24.8845609], [46.7557263, 24.8847631], [46.7556479, 24.8849701], [46.7555836, 24.8851811], [46.7552664, 24.8851946], [46.7552664, 24.8851946], [46.755277, 24.8852136], [46.7552861, 24.8852331], [46.7552937, 24.8852532], [46.7552998, 24.8852737], [46.7553042, 24.8852946], [46.7553071, 24.8853157], [46.7553083, 24.8853369], [46.755308, 24.8853582], [46.755306, 24.8853793], [46.7553024, 24.8854003], [46.7552972, 24.8854211], [46.7552904, 24.8854414], [46.7552821, 24.8854613], [46.7555231, 24.8854548], [46.7555231, 24.8854548], [46.7554874, 24.8856971], [46.7554698, 24.885941], [46.7554705, 24.8861855], [46.7554893, 24.8864293], [46.7555262, 24.8866714], [46.7555811, 24.8869107], [46.7556536, 24.887146], [46.7557436, 24.8873763], [46.7558504, 24.8876004], [46.7559737, 24.8878175], [46.7561129, 24.8880264], [46.7562673, 24.8882262], [46.7564363, 24.8884159], [46.7566189, 24.8885948], [46.7568145, 24.8887619], [46.7570221, 24.8889165], [46.7572407, 24.8890579], [46.7574693, 24.8891854], [46.7577069, 24.8892985], [46.7579524, 24.8893966], [46.7579524, 24.8893966], [46.7582028, 24.8894784], [46.7584588, 24.8895446], [46.758719, 24.8895949], [46.7589824, 24.8896291], [46.7592477, 24.889647], [46.7595137, 24.8896486], [46.7597792, 24.8896338], [46.7600431, 24.8896027], [46.760304, 24.8895555], [46.7605609, 24.8894924], [46.7608125, 24.8894135], [46.7610577, 24.8893194], [46.7612954, 24.8892105], [46.7615245, 24.8890872], [46.7615245, 24.8890872], [46.7617371, 24.888955], [46.7619398, 24.8888105], [46.7621317, 24.8886542], [46.762312, 24.8884867], [46.7624799, 24.8883089], [46.7626347, 24.8881214], [46.7627757, 24.8879252], [46.7629024, 24.8877209], [46.7630141, 24.8875095], [46.7631105, 24.8872919], [46.7631911, 24.887069], [46.7632555, 24.8868418], [46.7633035, 24.8866112], [46.7633035, 24.8866112], [46.7633338, 24.8863889], [46.763349, 24.8861652], [46.7633489, 24.8859411], [46.7633336, 24.8857175], [46.7633032, 24.8854952], [46.7632576, 24.885275], [46.7631972, 24.8850578], [46.7632444, 24.8850048], [46.7632915, 24.8849518], [46.7633688, 24.8848613], [46.7634661, 24.8847945], [46.763569, 24.884727], [46.7636742, 24.8846964], [46.7636936, 24.8846843], [46.7638407, 24.8846322], [46.76396, 24.8846119], [46.7639806, 24.8846033], [46.7641723, 24.8845923], [46.7641832, 24.88458], [46.764229, 24.8845765], [46.7642745, 24.8845558], [46.7643983, 24.88457], [46.7644447, 24.884556], [46.7644576, 24.8845439], [46.76451, 24.8845433], [46.764536, 24.884531], [46.7646407, 24.8845298], [46.7647239, 24.8845119], [46.7648461, 24.8845104], [46.7651305, 24.8845164], [46.7652623, 24.8845045], [46.7653211, 24.8844919], [46.7655175, 24.8844896], [46.7655696, 24.884477], [46.7656351, 24.8844762], [46.7656677, 24.8844639], [46.7657527, 24.8844569], [46.7658896, 24.8844195], [46.7659524, 24.8843953], [46.7659002, 24.8845155], [46.7654801, 24.8853491], [46.7648742, 24.8862724], [46.7644173, 24.8868948], [46.7637183, 24.8878343], [46.7629765, 24.8886963], [46.762252, 24.8893617], [46.7615275, 24.8900271], [46.7612571, 24.8902368]]]}}, {"type": "Feature", "properties": {"name": "Phase 4 - B", "layer": "ZONE"}, "geometry": {"type": "Polygon", "coordinates": [[[46.7402533, 24.8798065], [46.7381799, 24.8775212], [46.7385161, 24.877303], [46.7385995, 24.8774085], [46.7391868, 24.8773361], [46.739241, 24.8774093], [46.7397938, 24.8773432], [46.7400003, 24.8769248], [46.7401727, 24.8768104], [46.7410152, 24.876997], [46.7415634, 24.8776978], [46.7418287, 24.8781859], [46.7426889, 24.8780972], [46.7432468, 24.8779532], [46.7451219, 24.8779846], [46.7451172, 24.8779346], [46.745102, 24.8779053], [46.7450822, 24.8778876], [46.7450112, 24.8778705], [46.7449953, 24.8778564], [46.744999, 24.877842], [46.7450186, 24.8778346], [46.7450618, 24.8778341], [46.7451288, 24.8778513], [46.7451525, 24.8778653], [46.7451926, 24.8779186], [46.7452283, 24.8779468], [46.7452837, 24.8779749], [46.7453204, 24.8779878], [46.7454842, 24.8779904], [46.7454366, 24.8779552], [46.7454285, 24.8779338], [46.7454335, 24.8778956], [46.745019, 24.8777336], [46.7454482, 24.8768639], [46.7457223, 24.8768691], [46.7473113, 24.8767514], [46.7475882, 24.8767308], [46.74772, 24.8782102], [46.7475399, 24.8782643], [46.7476923, 24.8786822], [46.747769, 24.8786809], [46.7478128, 24.8787626], [46.7478873, 24.8788172], [46.7478873, 24.8788172], [46.747964, 24.878886], [46.7480358, 24.8789591], [46.7481024, 24.8790362], [46.7481636, 24.879117], [46.7481636, 24.879117], [46.7482036, 24.8791591], [46.7482466, 24.8791987], [46.7482924, 24.8792356], [46.7483408, 24.8792697], [46.7488881, 24.8796192], [46.7488881, 24.8796192], [46.7491058, 24.8799731], [46.7491529, 24.8801996], [46.7495533, 24.8806876], [46.7473629, 24.8821833], [46.7459046, 24.8804062], [46.7459046, 24.8804062], [46.7457807, 24.8802761], [46.745636, 24.8801621], [46.7454719, 24.8800668], [46.7452999, 24.8799963], [46.7451142, 24.8799478], [46.7426709, 24.879502], [46.7425068, 24.8794807], [46.7423412, 24.8794784], [46.7421761, 24.8794952], [46.7402533, 24.8798065]]]}}, {"type": "Feature", "properties": {"name": "Phase 2B - G", "layer": "\\U+5206\\U+533A\\U+5FEB\\U+56FE\\U+5C42"}, "geometry": {"type": "Polygon", "coordinates": [[[46.7731224, 24.8626186], [46.7728298, 24.8632014], [46.7727955, 24.8632334], [46.7727552, 24.8632444], [46.7726681, 24.8632138], [46.7726188, 24.8631986], [46.7725334, 24.8632018], [46.7724738, 24.863209], [46.7724109, 24.8632461], [46.7722585, 24.8633567], [46.7720809, 24.8634964], [46.7716598, 24.8636926], [46.7716553, 24.863762], [46.7711135, 24.8638971], [46.7710885, 24.8639271], [46.7707587, 24.863906], [46.7705098, 24.8638461], [46.7702987, 24.863766], [46.7702535, 24.8637764], [46.7700074, 24.8636488], [46.7698146, 24.8634953], [46.7696454, 24.8633058], [46.7696, 24.8632931], [46.7694683, 24.8630696], [46.7693901, 24.8629136], [46.7693374, 24.8627657], [46.7692858, 24.8625649], [46.7692455, 24.8625323], [46.7691531, 24.8622848], [46.7690642, 24.8621422], [46.7689017, 24.8619209], [46.7685853, 24.8616981], [46.7685239, 24.861712], [46.7681801, 24.861481], [46.7679156, 24.8612083], [46.7678594, 24.8611974], [46.7674551, 24.8604318], [46.7672411, 24.860074], [46.7668965, 24.8596962], [46.7668258, 24.8596249], [46.7658984, 24.8591304], [46.76581, 24.8591272], [46.7614177, 24.8568851], [46.7534705, 24.8527336], [46.7536371, 24.8524258], [46.7537657, 24.852587], [46.7618782, 24.8567435], [46.7681142, 24.8599551], [46.7731088, 24.8625184], [46.7731224, 24.8626186]]]}}, {"type": "Feature", "properties": {"name": "Phase 2B - B1", "layer": "\\U+5206\\U+533A\\U+5FEB\\U+56FE\\U+5C42"}, "geometry": {"type": "Polygon", "coordinates": [[[46.7575245, 24.8615496], [46.7578619, 24.8623557], [46.7580677, 24.862847], [46.7580888, 24.862973], [46.7580888, 24.8631296], [46.7581233, 24.8632752], [46.7582285, 24.8635325], [46.758348, 24.8638026], [46.7586443, 24.8643075], [46.7588429, 24.8646629], [46.7589399, 24.8649139], [46.7589913, 24.8650107], [46.7590487, 24.8650716], [46.7591302, 24.865146], [46.7592748, 24.8652218], [46.7595216, 24.8652924], [46.7597057, 24.8653779], [46.7598199, 24.865452], [46.7598991, 24.8655186], [46.7594378, 24.8656982], [46.7576397, 24.8663361], [46.7576285, 24.866354], [46.7576156, 24.8664177], [46.7575898, 24.8664775], [46.7575418, 24.8665485], [46.7575259, 24.8665158], [46.7575595, 24.866459], [46.7575811, 24.8664047], [46.7575922, 24.8663381], [46.7575861, 24.8662745], [46.7575672, 24.8662144], [46.7575303, 24.8661506], [46.7574745, 24.8660964], [46.7574216, 24.8660641], [46.7573689, 24.8660412], [46.7573198, 24.86603], [46.7557761, 24.8623772], [46.7558395, 24.8622951], [46.7558761, 24.8622312], [46.7559041, 24.8621102], [46.7575245, 24.8615496]]]}}, {"type": "Feature", "properties": {"name": "Phase 2B - C", "layer": "\\U+5206\\U+533A\\U+5FEB\\U+56FE\\U+5C42"}, "geometry": {"type": "Polygon", "coordinates": [[[46.7641129, 24.8674239], [46.7644039, 24.8676851], [46.7645992, 24.8678528], [46.7647332, 24.867954], [46.7648709, 24.8680469], [46.765034, 24.8681382], [46.7652206, 24.8682239], [46.7654471, 24.8683009], [46.7656827, 24.8683599], [46.7657884, 24.8683737], [46.7658957, 24.8684028], [46.7660402, 24.8684759], [46.7663138, 24.8686848], [46.7665738, 24.8689344], [46.7669841, 24.8692941], [46.7673656, 24.8696497], [46.7674689, 24.8697363], [46.7675255, 24.8698234], [46.7675829, 24.8699562], [46.7675993, 24.870089], [46.7676213, 24.8702057], [46.7676782, 24.8703167], [46.7677848, 24.8704325], [46.7679643, 24.8705501], [46.7682639, 24.870683], [46.7687086, 24.870779], [46.76896, 24.870824], [46.7693436, 24.870934], [46.7695402, 24.8710248], [46.7696587, 24.8711252], [46.7697359, 24.8712253], [46.7701515, 24.8713323], [46.7697974, 24.8725074], [46.769737, 24.8728101], [46.7684008, 24.8724429], [46.7680709, 24.8723317], [46.7679496, 24.8722956], [46.767305, 24.8721131], [46.7672357, 24.8721537], [46.7671727, 24.8721817], [46.7671177, 24.8721981], [46.7670544, 24.872203], [46.7669768, 24.8722543], [46.7667694, 24.872159], [46.7667961, 24.8720602], [46.7667552, 24.871923], [46.7666924, 24.8718652], [46.7646373, 24.8704878], [46.763422, 24.8696776], [46.7636419, 24.8694154], [46.7635869, 24.8693859], [46.7635794, 24.869372], [46.7635797, 24.8692932], [46.7635702, 24.8692424], [46.7635482, 24.869184], [46.7635317, 24.8691515], [46.7634894, 24.8691033], [46.7634861, 24.8690793], [46.7641129, 24.8674239]]]}}, {"type": "Feature", "properties": {"name": "Phase 2B - B2", "layer": "\\U+5206\\U+533A\\U+5FEB\\U+56FE\\U+5C42"}, "geometry": {"type": "Polygon", "coordinates": [[[46.7598991, 24.8655186], [46.7603533, 24.8658778], [46.760531, 24.8660258], [46.7606107, 24.8660734], [46.7607049, 24.8661267], [46.7608297, 24.866168], [46.7609641, 24.8661903], [46.7610802, 24.8661875], [46.7612091, 24.8661772], [46.7614049, 24.8661089], [46.7615679, 24.8659997], [46.7617465, 24.8662109], [46.7617752, 24.8663061], [46.7618669, 24.8663689], [46.7625079, 24.8666704], [46.763229, 24.8670097], [46.763783, 24.867263], [46.7642558, 24.8660163], [46.7649526, 24.8643874], [46.7672314, 24.8628388], [46.767258, 24.8627754], [46.7673087, 24.8626469], [46.7673663, 24.8625616], [46.7675449, 24.862487], [46.7676736, 24.8624762], [46.7678107, 24.8625456], [46.7678353, 24.8625478], [46.7679039, 24.8627409], [46.7679091, 24.8628856], [46.7678363, 24.8630014], [46.7676887, 24.8630792], [46.7675102, 24.8631027], [46.7652972, 24.8646101], [46.7652167, 24.8646902], [46.7651175, 24.8648188], [46.7650724, 24.8649231], [46.7647163, 24.8658656], [46.7641129, 24.8674239], [46.7634865, 24.8690778], [46.7634891, 24.8691017], [46.7635247, 24.8691454], [46.7635488, 24.8691857], [46.763571, 24.8692448], [46.7635812, 24.8692906], [46.7635792, 24.8693727], [46.763586, 24.8693877], [46.7636396, 24.8694186], [46.7634222, 24.8696757], [46.763386, 24.869651], [46.7633623, 24.8696478], [46.7632934, 24.8696701], [46.7632142, 24.8696775], [46.7631514, 24.8696752], [46.7631208, 24.8696948], [46.7629245, 24.8696141], [46.7629356, 24.8695865], [46.7628928, 24.8695438], [46.762866, 24.8695032], [46.7628522, 24.8694771], [46.762833, 24.8694336], [46.7628195, 24.8693777], [46.7627999, 24.869347], [46.7610458, 24.8687981], [46.7609994, 24.8688034], [46.7609484, 24.8687959], [46.7609052, 24.8687776], [46.7608676, 24.8687503], [46.7608416, 24.8687137], [46.7608261, 24.8686741], [46.7608219, 24.8686308], [46.760831, 24.8685857], [46.7608507, 24.8685505], [46.7608846, 24.8685155], [46.7609231, 24.8684937], [46.7609389, 24.8684893], [46.7598641, 24.8684457], [46.758004, 24.8682377], [46.7579932, 24.8682369], [46.7580211, 24.8680833], [46.7580355, 24.8679177], [46.7580198, 24.8677403], [46.7579895, 24.8676155], [46.7575401, 24.8665472], [46.7575621, 24.8665196], [46.7575892, 24.8664792], [46.7576102, 24.8664328], [46.757624, 24.866378], [46.7576274, 24.8663545], [46.7576394, 24.8663365], [46.7598991, 24.8655186]]]}}, {"type": "Feature", "properties": {"name": "Phase 2B - E", "layer": "\\U+5206\\U+533A\\U+5FEB\\U+56FE\\U+5C42"}, "geometry": {"type": "Polygon", "coordinates": [[[46.7595894, 24.8595872], [46.7596392, 24.8597453], [46.7596652, 24.8598134], [46.75976, 24.8599367], [46.759839, 24.8600602], [46.7598743, 24.8601489], [46.7599094, 24.8602231], [46.7600945, 24.8604437], [46.7601707, 24.8605299], [46.7602631, 24.8606387], [46.760291, 24.860684], [46.7604582, 24.8607754], [46.760662, 24.8608257], [46.7608754, 24.8609171], [46.760987, 24.8613225], [46.7610758, 24.8614065], [46.761148, 24.8614757], [46.7612252, 24.8615793], [46.7614369, 24.8616726], [46.7611816, 24.86227], [46.7614486, 24.8624079], [46.7626597, 24.8596975], [46.762741, 24.8596733], [46.762785, 24.859661], [46.7628021, 24.8596577], [46.7628558, 24.8596275], [46.7630879, 24.8593469], [46.7643847, 24.8597128], [46.7647431, 24.8598187], [46.7652647, 24.860024], [46.7660248, 24.8604642], [46.7663742, 24.8600328], [46.7661385, 24.8598848], [46.7656299, 24.8596447], [46.7655937, 24.8595805], [46.7647071, 24.8591484], [46.7643741, 24.8589542], [46.7635537, 24.858522], [46.7625862, 24.8580288], [46.7615238, 24.8575131], [46.7607797, 24.8571337], [46.7580889, 24.8557763], [46.7573068, 24.8554008], [46.7568727, 24.8556933], [46.7575735, 24.8561223], [46.7576721, 24.8561821], [46.7579748, 24.8564129], [46.7584569, 24.8567939], [46.7588663, 24.8571348], [46.7591372, 24.8573539], [46.7594191, 24.8575673], [46.759611, 24.8576806], [46.7598367, 24.8578182], [46.7599905, 24.8579126], [46.7600651, 24.8579437], [46.7601215, 24.8579468], [46.7601801, 24.8579402], [46.760218, 24.8579354], [46.7602786, 24.8579358], [46.7603481, 24.8579475], [46.7604127, 24.8579783], [46.760457, 24.8580059], [46.7604997, 24.8580461], [46.7605438, 24.8581046], [46.7605665, 24.8581584], [46.760583, 24.8581907], [46.7606107, 24.8582255], [46.7606437, 24.8582513], [46.7604318, 24.858592], [46.7604104, 24.8585985], [46.7603591, 24.8586174], [46.7602703, 24.8586368], [46.7601872, 24.8586334], [46.760157, 24.8586381], [46.7595894, 24.8595872]]]}}, {"type": "Feature", "properties": {"name": "Phase 2B - A2", "layer": "\\U+5206\\U+533A\\U+5FEB\\U+56FE\\U+5C42"}, "geometry": {"type": "Polygon", "coordinates": [[[46.7584276, 24.8608509], [46.7584276, 24.8608509], [46.7584276, 24.8608509], [46.7583862, 24.860742], [46.7584303, 24.8607265], [46.7584345, 24.860489], [46.7583548, 24.860484], [46.7583298, 24.8604013], [46.7582921, 24.860352], [46.758272, 24.8603109], [46.7582821, 24.8602206], [46.7582068, 24.8601524], [46.7581545, 24.8601789], [46.7581332, 24.8601369], [46.7581141, 24.8601106], [46.7581141, 24.8601106], [46.7581003, 24.8600929], [46.7580852, 24.8600761], [46.7580689, 24.8600603], [46.7580515, 24.8600455], [46.758033, 24.8600318], [46.7580135, 24.8600192], [46.7579932, 24.860008], [46.757972, 24.8599979], [46.7579502, 24.8599893], [46.7579278, 24.8599819], [46.7579048, 24.859976], [46.7578815, 24.8599715], [46.7578579, 24.8599685], [46.7578579, 24.8599685], [46.7577823, 24.8599421], [46.7577088, 24.8599111], [46.7576378, 24.8598757], [46.7575695, 24.859836], [46.7575043, 24.8597922], [46.7574424, 24.8597446], [46.7573842, 24.8596932], [46.7573299, 24.8596385], [46.7572797, 24.8595805], [46.7572339, 24.8595196], [46.7572515, 24.8594353], [46.7569987, 24.8592636], [46.7569387, 24.8591783], [46.7569337, 24.8591813], [46.7568247, 24.8590277], [46.7565269, 24.8588839], [46.7564225, 24.8588018], [46.7564737, 24.8584108], [46.7566488, 24.8582894], [46.7566819, 24.8582525], [46.7559366, 24.8578526], [46.7562137, 24.8573574], [46.7556789, 24.8570921], [46.7555966, 24.8571889], [46.7555966, 24.8571889], [46.7555424, 24.8572484], [46.7554841, 24.8573046], [46.7554218, 24.857357], [46.7553558, 24.8574057], [46.7552865, 24.8574502], [46.7552141, 24.8574905], [46.7549887, 24.8575895], [46.7540284, 24.8579367], [46.7540151, 24.8579052], [46.7539776, 24.8579442], [46.7539776, 24.8579442], [46.7539677, 24.8579587], [46.7539589, 24.8579738], [46.7539512, 24.8579894], [46.7539446, 24.8580055], [46.7539393, 24.8580219], [46.7539352, 24.8580386], [46.7539323, 24.8580555], [46.7539307, 24.8580725], [46.7539303, 24.8580896], [46.7539312, 24.8581067], [46.7539334, 24.8581237], [46.7539368, 24.8581405], [46.7539415, 24.8581571], [46.7539473, 24.8581733], [46.7539543, 24.8581892], [46.7539625, 24.8582046], [46.7554743, 24.8617303], [46.7554743, 24.8617303], [46.7554817, 24.861746], [46.7554902, 24.8617612], [46.7554998, 24.8617759], [46.7555104, 24.8617899], [46.755522, 24.8618033], [46.7555346, 24.861816], [46.755548, 24.8618278], [46.7555623, 24.8618389], [46.7555773, 24.861849], [46.7555931, 24.8618582], [46.7556095, 24.8618665], [46.7556264, 24.8618737], [46.7556438, 24.8618799], [46.7556617, 24.8618851], [46.7556799, 24.8618892], [46.7556983, 24.8618921], [46.7583048, 24.8609583], [46.7583766, 24.860907], [46.7584276, 24.8608508], [46.7584276, 24.8608509]]]}}, {"type": "Feature", "properties": {"name": "Phase 2B - D2", "layer": "\\U+5206\\U+533A\\U+5FEB\\U+56FE\\U+5C42"}, "geometry": {"type": "Polygon", "coordinates": [[[46.7651231, 24.8647762], [46.765591, 24.8651663], [46.7657754, 24.8651795], [46.7661316, 24.8655189], [46.7662549, 24.8657626], [46.7677299, 24.8670317], [46.7679571, 24.8673944], [46.7681731, 24.8676731], [46.7681454, 24.8678268], [46.7683652, 24.8682234], [46.7684906, 24.8683732], [46.7684745, 24.868377], [46.768576, 24.8685547], [46.7685583, 24.868743], [46.7683675, 24.8686898], [46.7682321, 24.8685494], [46.7681154, 24.8684456], [46.7677824, 24.8680546], [46.7676222, 24.8679308], [46.7675739, 24.8678053], [46.7674995, 24.8676842], [46.7674514, 24.8676792], [46.7673685, 24.8676472], [46.7673234, 24.8675817], [46.7673105, 24.8675213], [46.7672948, 24.8674728], [46.7655079, 24.8660762], [46.765435, 24.8660445], [46.7647319, 24.8658242], [46.7647163, 24.8658656], [46.7644944, 24.8657153], [46.7644129, 24.8658855], [46.7642538, 24.8660162], [46.7614659, 24.865143], [46.7611796, 24.864909], [46.7621502, 24.8638917], [46.7622049, 24.8638026], [46.7625986, 24.8629202], [46.7639465, 24.8634184], [46.7641068, 24.8635072], [46.7649526, 24.8643874], [46.7650609, 24.8646946], [46.7650609, 24.8646946], [46.7650783, 24.8647138], [46.7650945, 24.8647338], [46.7651095, 24.8647546], [46.7651231, 24.8647762]]]}}, {"type": "Feature", "properties": {"name": "Phase 2B - F1", "layer": "\\U+5206\\U+533A\\U+5FEB\\U+56FE\\U+5C42"}, "geometry": {"type": "Polygon", "coordinates": [[[46.7630879, 24.8593469], [46.7628659, 24.8596208], [46.7628221, 24.8596438], [46.7628016, 24.8596579], [46.7627367, 24.8596785], [46.7626769, 24.8596841], [46.7626554, 24.8597012], [46.7618089, 24.8616161], [46.7619105, 24.8616753], [46.7619545, 24.861683], [46.762059, 24.8616881], [46.7621604, 24.8617576], [46.7622849, 24.8618026], [46.7624214, 24.8617866], [46.7626655, 24.8618563], [46.7628536, 24.861994], [46.7630767, 24.8620407], [46.7633038, 24.8621594], [46.7634959, 24.8622662], [46.7638154, 24.8623854], [46.7637964, 24.8624093], [46.7640823, 24.8625844], [46.7642262, 24.86256], [46.7642493, 24.8624182], [46.7642538, 24.8623893], [46.7642647, 24.8623537], [46.7642938, 24.8623096], [46.7643232, 24.8622839], [46.76436, 24.8622413], [46.7643946, 24.8621809], [46.7644095, 24.8621154], [46.764411, 24.8620784], [46.7644187, 24.8620397], [46.7644409, 24.8619991], [46.7644689, 24.8619629], [46.7645302, 24.8619115], [46.7645651, 24.8618724], [46.7645898, 24.8618254], [46.7646021, 24.8617531], [46.7645963, 24.8617024], [46.7645675, 24.8616298], [46.7645219, 24.8615773], [46.7644739, 24.8615374], [46.7643467, 24.8614487], [46.7642317, 24.8611922], [46.7642053, 24.8611584], [46.7641579, 24.8611372], [46.7641429, 24.8611147], [46.764127, 24.8610668], [46.764101, 24.8609793], [46.7640916, 24.8609434], [46.7641008, 24.8609028], [46.7641215, 24.8608721], [46.7641542, 24.8608448], [46.7641974, 24.8608254], [46.764257, 24.8608121], [46.7643192, 24.8608106], [46.7643711, 24.8608162], [46.7644351, 24.8608318], [46.76448, 24.8608564], [46.7645279, 24.8608879], [46.7645466, 24.8609109], [46.7645593, 24.86097], [46.7645553, 24.8610264], [46.7645416, 24.8610735], [46.7645229, 24.8611021], [46.7645105, 24.8611299], [46.7645034, 24.861162], [46.7645032, 24.8612052], [46.7645149, 24.8612444], [46.7645405, 24.8612852], [46.7645716, 24.8613271], [46.7649959, 24.8617926], [46.7649891, 24.8618883], [46.7650029, 24.86192], [46.7650208, 24.861946], [46.7650654, 24.8619793], [46.7650663, 24.8620463], [46.7650599, 24.8621026], [46.7650384, 24.8621863], [46.7650135, 24.8622475], [46.7650009, 24.8623001], [46.7650065, 24.8623329], [46.7650144, 24.8623904], [46.7650152, 24.8624485], [46.7650027, 24.8625124], [46.764973, 24.8625962], [46.7649559, 24.8626217], [46.7649497, 24.8626245], [46.7649873, 24.8626682], [46.7648928, 24.8628335], [46.764774, 24.8633298], [46.7649396, 24.8633992], [46.7650918, 24.86359], [46.7652426, 24.8635519], [46.7653049, 24.8634729], [46.7654158, 24.8634307], [46.7655359, 24.8635824], [46.7655352, 24.8636552], [46.7655474, 24.8636945], [46.7656366, 24.8637768], [46.7657116, 24.8637851], [46.7657607, 24.8638442], [46.7672314, 24.8628388], [46.767258, 24.8627754], [46.7673087, 24.8626469], [46.7673663, 24.8625616], [46.7675449, 24.862487], [46.7676736, 24.8624762], [46.7678107, 24.8625456], [46.7679646, 24.8625596], [46.7681613, 24.8624723], [46.7684299, 24.8623525], [46.7681238, 24.8621486], [46.7677577, 24.861934], [46.7674048, 24.8615735], [46.7673955, 24.8614962], [46.7671919, 24.8612355], [46.7668782, 24.8607321], [46.7668745, 24.8606743], [46.7667316, 24.8604386], [46.7665867, 24.8602579], [46.7663872, 24.8600904], [46.7663755, 24.8600306], [46.7660248, 24.8604642], [46.7658998, 24.8603918], [46.7656205, 24.8602301], [46.7630879, 24.8593469]]]}}, {"type": "Feature", "properties": {"name": "Phase 2B - F2", "layer": "\\U+5206\\U+533A\\U+5FEB\\U+56FE\\U+5C42"}, "geometry": {"type": "Polygon", "coordinates": [[[46.7659966, 24.8640921], [46.7663382, 24.864451], [46.7665541, 24.8645562], [46.7665737, 24.8645579], [46.7666732, 24.8647411], [46.7667185, 24.8647559], [46.7670009, 24.8647466], [46.7670443, 24.8647385], [46.7671203, 24.8647837], [46.7681461, 24.865927], [46.768598, 24.8663911], [46.7687593, 24.8664139], [46.768868, 24.8664359], [46.7689902, 24.8664499], [46.7692248, 24.8665122], [46.7693635, 24.866578], [46.7694746, 24.8666494], [46.7696013, 24.8667468], [46.7697175, 24.8668211], [46.769919, 24.8669347], [46.7701372, 24.8670326], [46.770394, 24.8671069], [46.7705577, 24.8671473], [46.7706768, 24.8671846], [46.7707862, 24.8672559], [46.7708537, 24.8673586], [46.7708682, 24.8674326], [46.7709198, 24.867601], [46.7709669, 24.8677055], [46.7710413, 24.8678158], [46.7712351, 24.8679928], [46.7713947, 24.8675215], [46.772083, 24.8656499], [46.7721532, 24.8654701], [46.7724553, 24.8642812], [46.7719628, 24.8644354], [46.7711507, 24.8645016], [46.770568, 24.8644276], [46.7700523, 24.8642819], [46.7694831, 24.86394], [46.7690631, 24.8634863], [46.7687123, 24.8628415], [46.768639, 24.8625815], [46.7684617, 24.8623737], [46.7684299, 24.8623525], [46.7679646, 24.8625596], [46.7678353, 24.8625478], [46.7679039, 24.8627409], [46.7679091, 24.8628856], [46.7678363, 24.8630014], [46.7676887, 24.8630792], [46.7675101, 24.8631028], [46.7659966, 24.8640921]]]}}, {"type": "Feature", "properties": {"name": "Phase 2B - A1", "layer": "\\U+5206\\U+533A\\U+5FEB\\U+56FE\\U+5C42"}, "geometry": {"type": "Polygon", "coordinates": [[[46.7557742, 24.8569537], [46.7563549, 24.8559941], [46.7563838, 24.8559816], [46.7564622, 24.8559814], [46.7565272, 24.8559707], [46.7566141, 24.8559422], [46.7566397, 24.8559416], [46.7566699, 24.8559654], [46.7568704, 24.8556931], [46.7573068, 24.8554008], [46.7531637, 24.8532913], [46.7531637, 24.8532913], [46.7531534, 24.8533105], [46.7531445, 24.8533303], [46.7531371, 24.8533506], [46.7531312, 24.8533714], [46.7531269, 24.8533924], [46.753124, 24.8534137], [46.7531228, 24.853435], [46.7531231, 24.8534564], [46.753125, 24.8534778], [46.7531284, 24.853499], [46.7531176, 24.8542681], [46.7531176, 24.8542681], [46.753118, 24.8542893], [46.7531201, 24.8543104], [46.7531237, 24.8543313], [46.7531289, 24.8543519], [46.7531356, 24.8543722], [46.7531437, 24.854392], [46.7531533, 24.8544113], [46.7531644, 24.85443], [46.7531768, 24.8544479], [46.7531904, 24.854465], [46.7532054, 24.8544812], [46.7532215, 24.8544965], [46.7532386, 24.8545107], [46.7532569, 24.8545238], [46.753276, 24.8545358], [46.753296, 24.8545466], [46.7533167, 24.8545561], [46.7533381, 24.8545643], [46.7533601, 24.8545712], [46.7533825, 24.8545767], [46.7533443, 24.8548027], [46.7533443, 24.8548027], [46.7533236, 24.8548032], [46.753303, 24.8548051], [46.7532826, 24.8548082], [46.7532624, 24.8548126], [46.7532427, 24.8548183], [46.7532234, 24.8548252], [46.7532047, 24.8548333], [46.7531867, 24.8548426], [46.7531694, 24.854853], [46.7531529, 24.8548644], [46.7531373, 24.8548769], [46.7531227, 24.8548903], [46.7531092, 24.8549046], [46.7530968, 24.8549197], [46.7530855, 24.8549355], [46.7530755, 24.8549521], [46.7530667, 24.8549692], [46.7530593, 24.8549868], [46.7530532, 24.8550049], [46.7530485, 24.8550233], [46.7530452, 24.8550419], [46.7530433, 24.8550607], [46.7530246, 24.8558375], [46.7530246, 24.8558375], [46.753025, 24.8558848], [46.7530283, 24.8559321], [46.7530345, 24.8559791], [46.7530436, 24.8560257], [46.7530436, 24.8560257], [46.7530654, 24.8561089], [46.7530924, 24.8561909], [46.7530993, 24.8562077], [46.753139, 24.8563093], [46.7537675, 24.8560886], [46.7546325, 24.8565295], [46.7549625, 24.8573099], [46.7539215, 24.857684], [46.7540284, 24.8579367], [46.7550387, 24.8575714], [46.7550387, 24.8575714], [46.7551301, 24.8575308], [46.7552185, 24.8574849], [46.7553034, 24.8574338], [46.7553846, 24.8573779], [46.7554616, 24.8573173], [46.7555342, 24.8572522], [46.755602, 24.8571831], [46.7556648, 24.8571101], [46.7557222, 24.8570335], [46.7557742, 24.8569537]]]}}, {"type": "Feature", "properties": {"name": "Phase 2B - D1", "layer": "\\U+5206\\U+533A\\U+5FEB\\U+56FE\\U+5C42"}, "geometry": {"type": "Polygon", "coordinates": [[[46.7614486, 24.8624079], [46.7611818, 24.8622701], [46.761136, 24.8622583], [46.7610613, 24.8622035], [46.760878, 24.8620662], [46.7605213, 24.8618578], [46.7603401, 24.8618259], [46.7601939, 24.8618165], [46.7599714, 24.8617334], [46.7599373, 24.8616766], [46.7595854, 24.8614819], [46.7593966, 24.8614136], [46.7593838, 24.8613928], [46.7593168, 24.8612261], [46.7592469, 24.8611526], [46.7592345, 24.8610169], [46.7591604, 24.8609378], [46.758838, 24.8608051], [46.7586242, 24.8610976], [46.7584313, 24.8612036], [46.758395, 24.8612407], [46.7579212, 24.86141], [46.7579215, 24.8614099], [46.7588666, 24.8636288], [46.7588808, 24.8637493], [46.7594166, 24.8644509], [46.7598495, 24.8645408], [46.7602283, 24.8641316], [46.7611796, 24.864909], [46.7613554, 24.8647204], [46.7621502, 24.8638917], [46.7622049, 24.8638026], [46.7625986, 24.8629202], [46.7614975, 24.8625131], [46.7614486, 24.8624079]]]}}, {"type": "Feature", "properties": {"name": "Phase 2B - A3", "layer": "\\U+5206\\U+533A\\U+5FEB\\U+56FE\\U+5C42"}, "geometry": {"type": "Polygon", "coordinates": [[[46.7556983, 24.8618921], [46.7583048, 24.8609583], [46.7583766, 24.860907], [46.7584276, 24.8608509], [46.7585114, 24.8607734], [46.7589243, 24.8601042], [46.7588368, 24.8600594], [46.7588378, 24.8600843], [46.7584789, 24.8600368], [46.7584775, 24.8598754], [46.7581735, 24.8597197], [46.7581735, 24.8597197], [46.7581401, 24.8597012], [46.7581081, 24.8596807], [46.7580777, 24.8596583], [46.7580491, 24.8596341], [46.7579681, 24.8595464], [46.7579229, 24.8595044], [46.7576708, 24.8593675], [46.7576078, 24.8593264], [46.75756, 24.8592804], [46.7575166, 24.8592336], [46.7574397, 24.8591775], [46.7573952, 24.8591557], [46.7573454, 24.8591369], [46.7568469, 24.8587045], [46.7569526, 24.8585058], [46.756897, 24.8584028], [46.7566489, 24.8582894], [46.7566819, 24.8582526], [46.7559366, 24.8578527], [46.7562137, 24.8573575], [46.755679, 24.8570922], [46.7557742, 24.8569538], [46.7563549, 24.8559941], [46.7563838, 24.8559816], [46.7564622, 24.8559814], [46.7565272, 24.8559707], [46.7566141, 24.8559422], [46.7566397, 24.8559416], [46.7566699, 24.8559655], [46.7568704, 24.8556931], [46.7573095, 24.8559569], [46.7576624, 24.8561792], [46.7580007, 24.8564345], [46.7586389, 24.8569433], [46.7590261, 24.8572688], [46.7593983, 24.857552], [46.7599923, 24.8579134], [46.7600633, 24.8579444], [46.7601245, 24.857947], [46.7602159, 24.8579363], [46.7602781, 24.8579371], [46.76035, 24.8579492], [46.7604096, 24.8579761], [46.7604596, 24.85801], [46.7605001, 24.8580486], [46.7605446, 24.858107], [46.760566, 24.8581567], [46.7605977, 24.8582029], [46.7606113, 24.8582277], [46.7606435, 24.8582512], [46.7604322, 24.8585912], [46.7603605, 24.8586178], [46.7602715, 24.8586372], [46.7601858, 24.8586339], [46.7601585, 24.8586396], [46.7593457, 24.8599811], [46.7594747, 24.8600444], [46.7595722, 24.8601], [46.7596029, 24.8601248], [46.7596252, 24.8601422], [46.7596643, 24.8601719], [46.7596936, 24.8601993], [46.7602062, 24.8607318], [46.76051, 24.8610542], [46.7605278, 24.8610414], [46.7606283, 24.8611541], [46.7602599, 24.8614478], [46.7599501, 24.8613127], [46.7598525, 24.8613849], [46.7593897, 24.8608991], [46.7594344, 24.8608599], [46.7589491, 24.8606168], [46.7586247, 24.8610973], [46.7584313, 24.8612036], [46.758395, 24.8612407], [46.7579215, 24.8614099], [46.7575245, 24.8615496], [46.7559041, 24.8621102], [46.7558761, 24.8622312], [46.7558378, 24.8622974], [46.7557761, 24.8623772], [46.7557761, 24.8623772], [46.7557694, 24.8623568], [46.7557642, 24.862336], [46.7557605, 24.8623149], [46.7557584, 24.8622937], [46.7557579, 24.8622724], [46.755759, 24.8622511], [46.7557617, 24.8622299], [46.7557659, 24.862209], [46.7557717, 24.8621883], [46.7557791, 24.8621681], [46.7557879, 24.8621484], [46.7557982, 24.8621292], [46.7558099, 24.8621108], [46.7558099, 24.8621108], [46.755813, 24.8620986], [46.7558153, 24.8620863], [46.7558166, 24.8620739], [46.7558171, 24.8620614], [46.7558166, 24.8620489], [46.7558152, 24.8620365], [46.7558129, 24.8620242], [46.7558097, 24.8620121], [46.7558057, 24.8620002], [46.7558007, 24.8619885], [46.755795, 24.8619772], [46.7557884, 24.8619663], [46.755781, 24.8619557], [46.7557729, 24.8619457], [46.755764, 24.8619362], [46.7557545, 24.8619272], [46.7557443, 24.8619189], [46.7557336, 24.8619111], [46.7557223, 24.8619041], [46.7557105, 24.8618977], [46.7556983, 24.8618921]]]}}, {"type": "Feature", "properties": {"name": "Temp Road 2", "layer": "0"}, "geometry": {"type": "Polygon", "coordinates": [[[46.7656629, 24.8845163], [46.7648649, 24.8858279], [46.7643071, 24.8865514], [46.7637646, 24.8873278], [46.7633067, 24.8879041], [46.7628092, 24.8884806], [46.7622841, 24.8889945], [46.7615771, 24.8895754], [46.7606376, 24.8902095], [46.7599269, 24.8906044], [46.7589834, 24.8910926], [46.7656629, 24.8845163]]]}}, {"type": "Feature", "properties": {"name": "Temp Road 1", "layer": "0"}, "geometry": {"type": "Polygon", "coordinates": [[[46.7589834, 24.8910926], [46.7509461, 24.8921927], [46.7449346, 24.8903216], [46.7589834, 24.8910926]]]}}, {"type": "Feature", "properties": {"name": "Wadi Boundary", "layer": "Topographic Survey feature$0$C-TOPO-WADI"}, "geometry": {"type": "Polygon", "coordinates": [[[46.7322935, 24.8742226], [46.7316063, 24.875388], [46.7330492, 24.8764597], [46.7334289, 24.8767973], [46.7341376, 24.8774276], [46.7344756, 24.8777281], [46.7346827, 24.8779124], [46.7349107, 24.8780313], [46.7354246, 24.8782689], [46.7357641, 24.8783868], [46.7360565, 24.8785124], [46.736223, 24.8786252], [46.7363737, 24.8787237], [46.7364915, 24.8787224], [46.73678, 24.8785685], [46.7370211, 24.8783937], [46.7372719, 24.8783549], [46.7374864, 24.8782934], [46.7378955, 24.8782887], [46.738351, 24.8785191], [46.7385257, 24.8786939], [46.7391341, 24.8790797], [46.7398273, 24.8793663], [46.7402425, 24.8797937], [46.740698, 24.8800241], [46.7413784, 24.8794072], [46.7422375, 24.87924], [46.7430356, 24.8793289], [46.7443493, 24.8793332], [46.7457564, 24.8798472], [46.7463213, 24.880046], [46.7463839, 24.8802012], [46.7464009, 24.8802978], [46.7464377, 24.8804013], [46.7464501, 24.8804669], [46.7464808, 24.8804832], [46.7464811, 24.8805047], [46.7464727, 24.8805196], [46.746479, 24.8805405], [46.7464791, 24.8805513], [46.7464764, 24.8805808], [46.7464677, 24.88059], [46.7464786, 24.880605], [46.7464792, 24.880648], [46.7464696, 24.8806653], [46.7465492, 24.8807852], [46.7465872, 24.8807865], [46.7466149, 24.8808041], [46.7466469, 24.8808432], [46.7466706, 24.8808536], [46.7467414, 24.8808564], [46.7467726, 24.8808417], [46.7467682, 24.8808131], [46.7467522, 24.8807918], [46.7467519, 24.8807667], [46.7467832, 24.8807591], [46.7467948, 24.8807483], [46.7467984, 24.8807267], [46.746822, 24.8806951], [46.7468839, 24.8806576], [46.7469268, 24.8806356], [46.7469543, 24.8806353], [46.7470048, 24.8806456], [46.7470411, 24.8806665], [46.7470693, 24.8807128], [46.7470628, 24.8808096], [46.7470788, 24.8809174], [46.7471164, 24.8809917], [46.7471324, 24.8810095], [46.7471486, 24.8810487], [46.7472086, 24.8811232], [46.7472129, 24.8811483], [46.7472493, 24.8812231], [46.7472577, 24.8812624], [46.7472592, 24.8813699], [46.7472883, 24.8814806], [46.7472802, 24.8815592], [46.7472937, 24.8815845], [46.7473095, 24.8815914], [46.7473097, 24.8816058], [46.7473254, 24.8816056], [46.7473334, 24.8816198], [46.7473491, 24.8816197], [46.7473572, 24.8816339], [46.7473888, 24.8816479], [46.7474207, 24.8816833], [46.7474366, 24.8816903], [46.7474609, 24.8817473], [46.7475086, 24.8817826], [46.7475435, 24.881841], [46.7475646, 24.8818536], [46.7475803, 24.8818534], [46.7475804, 24.8818606], [46.747612, 24.8818746], [46.7476355, 24.8818743], [46.747683, 24.8818952], [46.7477069, 24.8819236], [46.7477387, 24.8819447], [46.7477544, 24.8819446], [46.7477863, 24.88198], [46.7478021, 24.881987], [46.7478263, 24.8820297], [46.7478341, 24.8820296], [46.7478344, 24.8820511], [46.7478501, 24.8820509], [46.7478583, 24.8820723], [46.7478673, 24.8821263], [46.7478597, 24.8821726], [46.7478444, 24.8822015], [46.7478373, 24.8822517], [46.7478219, 24.8822734], [46.7478222, 24.8822949], [46.7478143, 24.882295], [46.7477913, 24.8823383], [46.747745, 24.8823454], [46.7477366, 24.8823533], [46.7477367, 24.8823604], [46.7477053, 24.8823679], [46.7476897, 24.8823753], [46.7476898, 24.8823825], [46.7476741, 24.8823826], [46.74763, 24.8823949], [46.7475805, 24.8824267], [46.7475341, 24.8824775], [46.7475002, 24.8825559], [46.7474873, 24.8826411], [46.7475007, 24.882695], [46.7475162, 24.882709], [46.7475374, 24.8827139], [46.7475452, 24.8827138], [46.7475534, 24.8827352], [46.7475616, 24.8827734], [46.7475542, 24.8827925], [46.7475386, 24.8827999], [46.7475239, 24.8828717], [46.7475084, 24.8828862], [46.7474936, 24.8829509], [46.7474809, 24.8829652], [46.7474787, 24.8830084], [46.7474709, 24.8830157], [46.7474712, 24.8830651], [46.7474639, 24.8830731], [46.747456, 24.8830732], [46.747441, 24.8831235], [46.7474332, 24.8831236], [46.7474258, 24.8831595], [46.7473947, 24.8831814], [46.747395, 24.8832029], [46.7473796, 24.8832246], [46.74738, 24.8832532], [46.7473568, 24.8832822], [46.7473571, 24.8833037], [46.7473419, 24.8833397], [46.7473347, 24.8833828], [46.7473442, 24.8835202], [46.7473373, 24.883569], [46.7473221, 24.8836051], [46.7473231, 24.8836767], [46.7473154, 24.8836911], [46.74729, 24.8837633], [46.7472818, 24.8838399], [46.7472919, 24.8839109], [46.7473194, 24.8839706], [46.7473354, 24.8839919], [46.7473359, 24.8840277], [46.7473522, 24.8840705], [46.7473609, 24.8841278], [46.7473767, 24.8841347], [46.7473927, 24.884156], [46.7474011, 24.8841918], [46.7474089, 24.8841917], [46.7474251, 24.8842273], [46.747433, 24.8842272], [46.7474491, 24.8842557], [46.7474964, 24.8842695], [46.7475045, 24.8842837], [46.7475754, 24.8842972], [46.7476071, 24.8843184], [46.7476583, 24.8843279], [46.7477092, 24.8843172], [46.7477193, 24.8843115], [46.7477405, 24.8843096], [46.7477486, 24.8843239], [46.7477564, 24.8843238], [46.7477566, 24.8843381], [46.7478041, 24.8843591], [46.7478201, 24.8843804], [46.7478378, 24.8843898], [46.7478649, 24.8843904], [46.7479931, 24.8843601], [46.7480102, 24.8843644], [46.7480165, 24.8843781], [46.7480166, 24.8843852], [46.7480323, 24.884385], [46.7480483, 24.8844064], [46.7480487, 24.884435], [46.7480646, 24.8844492], [46.7480728, 24.8844706], [46.7481521, 24.884527], [46.7481602, 24.8845412], [46.7482051, 24.8845843], [46.7482791, 24.8846186], [46.7483028, 24.8846255], [46.7483029, 24.8846327], [46.7483146, 24.8846433], [46.7483651, 24.8846509], [46.748374, 24.8846605], [46.7483741, 24.8846677], [46.7483978, 24.8846817], [46.7484135, 24.8846816], [46.7484531, 24.8847026], [46.7484846, 24.8847094], [46.7485084, 24.8847235], [46.7485085, 24.8847306], [46.7485637, 24.8847443], [46.7485638, 24.8847515], [46.7485874, 24.8847512], [46.7486111, 24.8847652], [46.7486504, 24.8847648], [46.7486663, 24.8847789], [46.7486977, 24.8847786], [46.7487057, 24.8847856], [46.7487293, 24.8847854], [46.7487294, 24.8847925], [46.7487529, 24.8847923], [46.748753, 24.8847994], [46.7487767, 24.8848063], [46.7488003, 24.884806], [46.7488004, 24.8848132], [46.7488108, 24.8848277], [46.74884, 24.8848414], [46.7488716, 24.8848482], [46.7488718, 24.8848625], [46.7488955, 24.8848766], [46.7489115, 24.8848979], [46.7489285, 24.8849705], [46.7489443, 24.8849907], [46.7489601, 24.8849976], [46.7490216, 24.8850074], [46.7491093, 24.8849959], [46.7491406, 24.8849884], [46.7491796, 24.8849664], [46.7491873, 24.884952], [46.7492106, 24.8849374], [46.7492182, 24.8849158], [46.749226, 24.8849157], [46.7492391, 24.8848999], [46.7492246, 24.8848154], [46.7492398, 24.8847794], [46.7492641, 24.8847738], [46.7492791, 24.8847789], [46.7492793, 24.8847932], [46.7492872, 24.8847932], [46.7493087, 24.8848102], [46.7493195, 24.8848573], [46.7493197, 24.8848716], [46.7493435, 24.8848857], [46.7493437, 24.8849], [46.7493751, 24.8848996], [46.7494096, 24.8848909], [46.7494219, 24.8848776], [46.7494218, 24.8848704], [46.7494454, 24.8848701], [46.7494453, 24.884863], [46.7494609, 24.8848556], [46.7494999, 24.8848507], [46.7495968, 24.8848658], [46.7496337, 24.8848536], [46.7496414, 24.8848463], [46.7497043, 24.8848456], [46.7497355, 24.8848309], [46.7497826, 24.8848303], [46.7498531, 24.8848152], [46.7499634, 24.8848018], [46.7500338, 24.8848131], [46.7500496, 24.88482], [46.7500497, 24.8848272], [46.7500891, 24.8848339], [46.7501129, 24.8848551], [46.7501365, 24.8848549], [46.7501681, 24.8848688], [46.7502074, 24.8848684], [46.7502232, 24.8848753], [46.7502233, 24.8848825], [46.7502548, 24.8848893], [46.7502867, 24.8849176], [46.7502949, 24.8849462], [46.7503188, 24.8849674], [46.7503191, 24.8849889], [46.7503349, 24.8849959], [46.7503431, 24.8850173], [46.7503667, 24.8850242], [46.7503748, 24.8850384], [46.7503985, 24.8850453], [46.7504065, 24.8850595], [46.7504222, 24.8850593], [46.7504619, 24.8850875], [46.7505288, 24.8851014], [46.7505797, 24.8850862], [46.7505875, 24.8850789], [46.7506345, 24.8850712], [46.7506892, 24.885049], [46.7506968, 24.8850346], [46.7507126, 24.8850344], [46.7507125, 24.8850273], [46.7507238, 24.885015], [46.7507741, 24.8850016], [46.7507826, 24.8849906], [46.7507825, 24.8849834], [46.7507955, 24.8849707], [46.7508608, 24.884961], [46.7508841, 24.8849464], [46.7509204, 24.8849395], [46.7509627, 24.8849455], [46.7510026, 24.8849617], [46.7510182, 24.8849807], [46.7510184, 24.884995], [46.7510314, 24.8850305], [46.7510586, 24.885059], [46.7510902, 24.885073], [46.751122, 24.8851013], [46.7511815, 24.8851108], [46.751193, 24.885122], [46.7511931, 24.8851291], [46.7512049, 24.8851397], [46.7512553, 24.8851473], [46.7512642, 24.885157], [46.7512643, 24.8851641], [46.751288, 24.885171], [46.7512881, 24.8851782], [46.7513119, 24.8851922], [46.75132, 24.8852136], [46.7513515, 24.8852508], [46.7514074, 24.8852843], [46.7514784, 24.8853049], [46.7515451, 24.8853144], [46.7515805, 24.8853037], [46.7515883, 24.8852965], [46.7516197, 24.8852961], [46.7516665, 24.8852741], [46.7517126, 24.8852252], [46.7517434, 24.8851513], [46.751756, 24.885079], [46.7517418, 24.8850367], [46.7517258, 24.8850225], [46.7517255, 24.885001], [46.7517176, 24.884994], [46.7517063, 24.8849644], [46.751716, 24.8848793], [46.7517076, 24.8848436], [46.7516839, 24.8848367], [46.7516838, 24.8848295], [46.7516287, 24.8848159], [46.7516286, 24.8848087], [46.7515971, 24.8848091], [46.751597, 24.8848019], [46.751587, 24.8847944], [46.7515341, 24.8847955], [46.7515103, 24.8847814], [46.7514868, 24.8847817], [46.7514628, 24.8847533], [46.7514456, 24.8847162], [46.7514394, 24.8846705], [46.75146, 24.8845527], [46.7514675, 24.8845311], [46.7514754, 24.884531], [46.7514753, 24.8845238], [46.7514988, 24.8845236], [46.751522, 24.8844946], [46.7515765, 24.8844581], [46.7515996, 24.8844292], [46.7516308, 24.8844145], [46.7516544, 24.8844142], [46.7517637, 24.8843628], [46.7518421, 24.8843547], [46.7518811, 24.8843327], [46.7519125, 24.8843324], [46.751928, 24.8843179], [46.7519673, 24.8843174], [46.7519828, 24.8843029], [46.7520378, 24.8843022], [46.7520455, 24.884295], [46.7520927, 24.8842944], [46.7521004, 24.8842872], [46.7521358, 24.8842758], [46.7522497, 24.8842854], [46.7523743, 24.8842123], [46.7524225, 24.884198], [46.7524371, 24.8842044], [46.7524372, 24.8842116], [46.7524767, 24.8842254], [46.7524926, 24.8842396], [46.7525712, 24.8842458], [46.7525949, 24.8842527], [46.752595, 24.8842599], [46.7526019, 24.8842732], [46.7526206, 24.8842773], [46.7527442, 24.8842581], [46.7528151, 24.8842716], [46.7528626, 24.8842926], [46.7528787, 24.884321], [46.752926, 24.8843348], [46.7529261, 24.884342], [46.7529655, 24.8843487], [46.7530327, 24.8843516], [46.753184, 24.8843402], [46.7532483, 24.8843454], [46.7533666, 24.8843798], [46.7533982, 24.8843938], [46.7534583, 24.8844461], [46.7534855, 24.8844572], [46.7535091, 24.8844569], [46.753517, 24.884464], [46.7535522, 24.8844738], [46.753627, 24.8844627], [46.7537015, 24.884463], [46.7537211, 24.8844473], [46.753721, 24.8844401], [46.7537366, 24.8844328], [46.7537601, 24.8844325], [46.75376, 24.8844253], [46.7537836, 24.8844251], [46.753836, 24.8844152], [46.7538696, 24.8843954], [46.753885, 24.8843737], [46.7539123, 24.8843549], [46.7539474, 24.8843443], [46.7539789, 24.8843439], [46.7540183, 24.8843578], [46.7540663, 24.8844146], [46.7541214, 24.8844211], [46.754145, 24.884428], [46.7541451, 24.8844351], [46.7541766, 24.8844348], [46.7541846, 24.884449], [46.7542054, 24.8844621], [46.7542793, 24.8844766], [46.754311, 24.8844977], [46.7543582, 24.8845043], [46.7543662, 24.8845114], [46.7543976, 24.884511], [46.7544372, 24.884532], [46.7544608, 24.8845318], [46.7544882, 24.8845432], [46.7545004, 24.88456], [46.7545005, 24.8845671], [46.7545162, 24.8845669], [46.7545403, 24.8846025], [46.754556, 24.8846023], [46.7545718, 24.8846093], [46.7545719, 24.8846165], [46.7546035, 24.8846232], [46.7546588, 24.8846513], [46.7546981, 24.8846508], [46.7547061, 24.8846579], [46.754739, 24.8846746], [46.7547828, 24.8846798], [46.7548946, 24.8846557], [46.7549258, 24.884641], [46.7550357, 24.8846325], [46.7550669, 24.8846178], [46.7551523, 24.8846243], [46.7551769, 24.8846165], [46.7551846, 24.8846092], [46.755216, 24.8846089], [46.7552394, 24.8845943], [46.7552787, 24.8845938], [46.7552786, 24.8845866], [46.755287, 24.8845622], [46.7553121, 24.8845516], [46.7554248, 24.8845696], [46.7555824, 24.8845477], [46.7551074, 24.8830645], [46.7549501, 24.8830438], [46.7548646, 24.8830209], [46.7548228, 24.882992], [46.7547851, 24.8829502], [46.7547578, 24.8829015], [46.7547414, 24.8828482], [46.7547386, 24.8827995], [46.7547496, 24.8827595], [46.7548012, 24.8826992], [46.7547908, 24.8826799], [46.7547473, 24.8826669], [46.7545912, 24.8826658], [46.7545189, 24.8826846], [46.7544414, 24.8827213], [46.7543421, 24.8828183], [46.7543056, 24.8828424], [46.7542012, 24.8828675], [46.754019, 24.8828985], [46.7537961, 24.88292], [46.7535392, 24.8829346], [46.7533641, 24.8829251], [46.7532656, 24.8829084], [46.7531407, 24.882868], [46.7530753, 24.8828266], [46.7529818, 24.8827445], [46.7528627, 24.8826287], [46.7527691, 24.8825141], [46.7526617, 24.8823302], [46.7525821, 24.8822535], [46.7524761, 24.8821945], [46.7524361, 24.8821822], [46.7524109, 24.8821838], [46.7523976, 24.8822219], [46.7524136, 24.8823749], [46.7523897, 24.8825424], [46.7523773, 24.8825903], [46.7523449, 24.8826086], [46.7522532, 24.8826097], [46.7521807, 24.8825855], [46.7520204, 24.8824815], [46.7519799, 24.8824708], [46.7519436, 24.882476], [46.7518722, 24.8825186], [46.7518156, 24.8825302], [46.7517676, 24.8825258], [46.7517148, 24.8824966], [46.7516672, 24.8824513], [46.7516282, 24.8823901], [46.7516194, 24.8823608], [46.7516007, 24.8823008], [46.751566, 24.8823149], [46.7515036, 24.8823796], [46.7514524, 24.8824579], [46.7514113, 24.8824799], [46.7513807, 24.8824826], [46.7513476, 24.8824591], [46.7513272, 24.8823996], [46.7512918, 24.8822149], [46.7512813, 24.8822288], [46.7512423, 24.8824248], [46.7512168, 24.8824676], [46.7511843, 24.8824849], [46.7511385, 24.8824854], [46.751066, 24.8824504], [46.7509844, 24.8824087], [46.7509602, 24.8823741], [46.7509599, 24.8823561], [46.750999, 24.8823437], [46.7509271, 24.8823506], [46.7508875, 24.8823271], [46.7507991, 24.8822555], [46.7507348, 24.8821737], [46.7507096, 24.8820968], [46.7506913, 24.8818756], [46.7506636, 24.8817806], [46.7506368, 24.8817269], [46.7505987, 24.8816894], [46.7504917, 24.8816251], [46.7504516, 24.8815917], [46.7504062, 24.8815309], [46.7503579, 24.8814435], [46.7502899, 24.8812652], [46.7502298, 24.8811823], [46.7501145, 24.8810963], [46.750084, 24.8810586], [46.7500713, 24.8810007], [46.7500754, 24.8809153], [46.7501065, 24.8807955], [46.7500858, 24.8807241], [46.7500633, 24.8806933], [46.7500277, 24.8806651], [46.7498943, 24.8806009], [46.7497495, 24.8805489], [46.7496455, 24.8804915], [46.749386, 24.8803083], [46.7492297, 24.8802371], [46.7491684, 24.8801974], [46.7491153, 24.8801442], [46.7490624, 24.8801116], [46.7489044, 24.8800452], [46.7488193, 24.8799979], [46.7487854, 24.879963], [46.7487711, 24.8798736], [46.7487476, 24.8798052], [46.7487169, 24.8797488], [46.7486173, 24.8796484], [46.7484836, 24.879447], [46.7484263, 24.879397], [46.7482256, 24.8792589], [46.7481723, 24.8791955], [46.7480663, 24.8790302], [46.7479989, 24.8789629], [46.747913, 24.8789102], [46.7478459, 24.8788532], [46.7477935, 24.8787921], [46.7477665, 24.8787239], [46.7477465, 24.8787091], [46.7477139, 24.8787154], [46.747661, 24.8786802], [46.7476285, 24.8786374], [46.7475938, 24.8785556], [46.7475691, 24.8784705], [46.7475372, 24.8782577], [46.7474284, 24.8779461], [46.7474004, 24.8778412], [46.7473697, 24.8775191], [46.7472995, 24.8771795], [46.7472968, 24.8769884], [46.7473398, 24.8767909], [46.7473381, 24.8766655], [46.7473217, 24.8765829], [46.7472897, 24.8764869], [46.7471821, 24.8762851], [46.7471604, 24.876136], [46.7471509, 24.8759719], [46.7471555, 24.8757897], [46.7471855, 24.8755382], [46.7472464, 24.8752691], [46.7473217, 24.8750353], [46.7474047, 24.874891], [46.7475471, 24.8747699], [46.7476104, 24.8746923], [46.747722, 24.8745082], [46.747778, 24.8744328], [46.7479006, 24.8743059], [46.7480109, 24.8742099], [46.7481013, 24.8741483], [46.7482058, 24.8741073], [46.7484463, 24.8740606], [46.7485448, 24.8740296], [46.7486726, 24.873966], [46.7488176, 24.8738771], [46.7490362, 24.8736949], [46.7491154, 24.8736407], [46.7491967, 24.8736053], [46.7493934, 24.8735446], [46.7494735, 24.8735052], [46.749556, 24.8734423], [46.7496481, 24.8733538], [46.7497325, 24.8732701], [46.749764, 24.8732151], [46.7497692, 24.8731195], [46.749752, 24.8730827], [46.7496824, 24.8729951], [46.7496279, 24.8728464], [46.7495519, 24.8727017], [46.7494604, 24.8725737], [46.7493408, 24.8724497], [46.7492741, 24.8723463], [46.7492115, 24.8722076], [46.7492096, 24.8722065], [46.7492028, 24.8721997], [46.7491266, 24.8721452], [46.7490668, 24.8720599], [46.7490559, 24.8720294], [46.7490036, 24.8719674], [46.7489746, 24.8719522], [46.7489479, 24.8719504], [46.7489208, 24.8719603], [46.7488914, 24.871953], [46.748839, 24.8719517], [46.7488015, 24.8719655], [46.7487831, 24.8719982], [46.7487813, 24.8720243], [46.7487966, 24.8720864], [46.748791, 24.872109], [46.7487328, 24.8721441], [46.7486595, 24.8721449], [46.7486196, 24.8721377], [46.7485963, 24.8721227], [46.7485916, 24.8720827], [46.7485533, 24.8720449], [46.7485094, 24.8720454], [46.7484428, 24.8720223], [46.7484274, 24.8720253], [46.7484258, 24.8720384], [46.7484003, 24.8720381], [46.7483537, 24.8719985], [46.7483265, 24.8719988], [46.7483057, 24.8720105], [46.7482811, 24.8720528], [46.7482429, 24.872017], [46.7482219, 24.8720115], [46.7481928, 24.8720271], [46.7481828, 24.8720597], [46.7481725, 24.8720713], [46.7481599, 24.8720715], [46.7481429, 24.8720545], [46.7481239, 24.872047], [46.7481033, 24.8720683], [46.748051, 24.8720727], [46.7480096, 24.8721114], [46.7479803, 24.8721118], [46.7479596, 24.8721311], [46.7479434, 24.8721657], [46.7479122, 24.8721852], [46.7479157, 24.8721424], [46.7479094, 24.8721336], [46.7479031, 24.8721337], [46.7479032, 24.8721336], [46.7479115, 24.8721317], [46.7478775, 24.8721015], [46.7478583, 24.872075], [46.7478478, 24.8720732], [46.7478418, 24.8720962], [46.7478295, 24.8721116], [46.7478087, 24.8721234], [46.7478085, 24.8721081], [46.7477892, 24.8720739], [46.7477847, 24.8720529], [46.747736, 24.8720191], [46.7477379, 24.8720019], [46.7477649, 24.8719901], [46.7477667, 24.8719671], [46.7477349, 24.8719369], [46.7477117, 24.8719296], [46.7476866, 24.8719299], [46.7476493, 24.8719628], [46.7476056, 24.8719786], [46.7475726, 24.8720191], [46.7475456, 24.8720328], [46.7475288, 24.872033], [46.7474865, 24.872001], [46.7474237, 24.8720075], [46.7473691, 24.8719947], [46.7473501, 24.8719835], [46.7472537, 24.8719827], [46.7471946, 24.8719528], [46.7471423, 24.8719534], [46.7471295, 24.8719402], [46.7470916, 24.8719234], [46.7470371, 24.8719203], [46.7470156, 24.8718842], [46.7469774, 24.8718464], [46.7469644, 24.8718198], [46.7469389, 24.8717953], [46.7469343, 24.8717609], [46.7469505, 24.8717244], [46.7469377, 24.8717093], [46.7469268, 24.8716788], [46.7469099, 24.8716638], [46.7468969, 24.8716333], [46.7468965, 24.8716066], [46.7468837, 24.8715914], [46.7468726, 24.8715438], [46.7468803, 24.8715017], [46.7468632, 24.8714713], [46.7468569, 24.8714714], [46.746857, 24.8714828], [46.7468677, 24.871498], [46.746868, 24.871519], [46.7468601, 24.8715516], [46.7468709, 24.8715744], [46.7468736, 24.8716183], [46.7468997, 24.8716868], [46.7468939, 24.8717194], [46.7469198, 24.8717783], [46.7469246, 24.8718165], [46.7469184, 24.8718242], [46.7468865, 24.8717921], [46.7468572, 24.8717924], [46.7468742, 24.8718094], [46.7468809, 24.871838], [46.7469298, 24.8718929], [46.7469322, 24.8719138], [46.7469116, 24.8719332], [46.7468814, 24.8719428], [46.7467881, 24.8719423], [46.7467271, 24.8719618], [46.7466944, 24.8719854], [46.7466862, 24.871997], [46.7466548, 24.8719974], [46.7466087, 24.8719941], [46.7465939, 24.8719847], [46.7465161, 24.8719646], [46.7464637, 24.8719652], [46.7464257, 24.8719652], [46.7464133, 24.8719581], [46.7464131, 24.8719409], [46.7464423, 24.871931], [46.7464485, 24.8719252], [46.7464483, 24.87191], [46.746427, 24.8718854], [46.746408, 24.871876], [46.7463687, 24.8718725], [46.7463306, 24.8718846], [46.7463058, 24.8719078], [46.7462639, 24.8719083], [46.7462449, 24.8718951], [46.7461882, 24.8718862], [46.7461568, 24.8718866], [46.7461236, 24.8719137], [46.7460837, 24.8719047], [46.7460774, 24.8719009], [46.746077, 24.8718761], [46.746079, 24.8718646], [46.7460914, 24.8718568], [46.7460976, 24.8718391], [46.7460907, 24.8718052], [46.7460841, 24.8717862], [46.7460329, 24.8717141], [46.7460277, 24.8716473], [46.7459979, 24.8716133], [46.7459871, 24.8715905], [46.7459805, 24.8715695], [46.7459842, 24.8715332], [46.7459799, 24.8715256], [46.7459587, 24.8715067], [46.7459103, 24.8714882], [46.7458596, 24.8714582], [46.7457276, 24.8714597], [46.7456982, 24.8714524], [46.7456813, 24.8714431], [46.7456494, 24.8714071], [46.7455967, 24.8713829], [46.7455463, 24.8713778], [46.7455315, 24.8713684], [46.7455144, 24.8713399], [46.7454319, 24.8712816], [46.7454231, 24.871255], [46.7454104, 24.8712475], [46.7453997, 24.8712285], [46.7453743, 24.8712116], [46.7453069, 24.8711856], [46.7452855, 24.8711553], [46.7452729, 24.8711478], [46.74526, 24.8711231], [46.7452676, 24.8710733], [46.7452485, 24.8710506], [46.7452605, 24.8710123], [46.7452193, 24.8710605], [46.7452226, 24.8711484], [46.7452063, 24.8711811], [46.745207, 24.8712327], [46.7451906, 24.8712577], [46.7451809, 24.8713113], [46.7451475, 24.8713232], [46.7451311, 24.8713398], [46.7451168, 24.8713435], [46.7450826, 24.8713308], [46.7450739, 24.8713196], [46.7450661, 24.8713226], [46.7450585, 24.8713389], [46.7450412, 24.8713211], [46.7450228, 24.871313], [46.7450041, 24.8712875], [46.7449805, 24.8712848], [46.7449642, 24.8712928], [46.7449164, 24.8712945], [46.7449028, 24.8713042], [46.7448858, 24.871305], [46.7448611, 24.8713161], [46.7448466, 24.8713115], [46.7448313, 24.8712931], [46.7448025, 24.8712905], [46.7447929, 24.8712631], [46.744779, 24.8712484], [46.7447672, 24.8712455], [46.7447495, 24.8712493], [46.7447317, 24.8712847], [46.7447068, 24.8712809], [46.7446598, 24.8712922], [46.7446314, 24.8713188], [46.7445896, 24.87133], [46.7446014, 24.8713299], [46.7446015, 24.8713358], [46.7445871, 24.8713524], [46.744541, 24.8713646], [46.7444658, 24.8713655], [46.7443738, 24.8713463], [46.7443659, 24.8713422], [46.7443665, 24.8713356], [46.7443749, 24.8713218], [46.7443951, 24.8713179], [46.7445165, 24.8713404], [46.7445305, 24.8713398], [46.7445302, 24.8713397], [46.7445016, 24.8713107], [46.7445027, 24.8712934], [46.7445154, 24.8712664], [46.7445271, 24.8712591], [46.7445276, 24.8712483], [46.7445073, 24.8712378], [46.7444582, 24.8712467], [46.74444, 24.8712553], [46.7443719, 24.8712543], [46.7443271, 24.8712625], [46.74431, 24.8712759], [46.7443083, 24.8712957], [46.7442885, 24.8713275], [46.7442875, 24.8713538], [46.74427, 24.8713624], [46.7442683, 24.8713821], [46.7442584, 24.8713775], [46.7442349, 24.8713377], [46.7442047, 24.8713338], [46.7441715, 24.8713444], [46.7441466, 24.8713865], [46.7440691, 24.8714206], [46.7440524, 24.8714372], [46.7440469, 24.8714677], [46.7440257, 24.8714797], [46.7439332, 24.8714804], [46.7439052, 24.8714945], [46.7438821, 24.871521], [46.743837, 24.8715281], [46.7437968, 24.8715463], [46.7437669, 24.8715719], [46.7437541, 24.8715912], [46.743719, 24.8716107], [46.7436883, 24.871617], [46.7436643, 24.8716334], [46.7436258, 24.8716369], [46.7436154, 24.8716454], [46.7436004, 24.8716473], [46.7435563, 24.8716317], [46.7434968, 24.8716348], [46.7434715, 24.8716548], [46.7434601, 24.871683], [46.7433987, 24.8716933], [46.7433844, 24.8717], [46.7433567, 24.871729], [46.7433443, 24.8717309], [46.7433383, 24.8717244], [46.7433188, 24.8717324], [46.743313, 24.8717438], [46.7432915, 24.8717589], [46.7432179, 24.8717748], [46.74319, 24.8717907], [46.7431726, 24.871813], [46.7431651, 24.8718369], [46.7431369, 24.8718337], [46.7431141, 24.8718429], [46.7431001, 24.8718706], [46.7430715, 24.8718876], [46.7430811, 24.871885], [46.7430882, 24.8718957], [46.743126, 24.8719064], [46.7431877, 24.8718897], [46.7432214, 24.8718679], [46.743318, 24.8718452], [46.7433518, 24.8718305], [46.7433872, 24.871791], [46.7434035, 24.8717845], [46.7434219, 24.8717891], [46.7434274, 24.8718081], [46.7434405, 24.871808], [46.7434483, 24.8718031], [46.7434531, 24.8717696], [46.7434896, 24.871762], [46.7435544, 24.8717159], [46.7435938, 24.8717202], [46.7436306, 24.8716702], [46.7436454, 24.8716646], [46.7436532, 24.8716669], [46.743667, 24.8717145], [46.7436749, 24.8717168], [46.7436955, 24.8716903], [46.743766, 24.8716799], [46.7438152, 24.8716411], [46.7438793, 24.8716219], [46.7439329, 24.8716278], [46.7439646, 24.871649], [46.7439693, 24.8716083], [46.7439822, 24.871601], [46.744043, 24.8715838], [46.7440869, 24.8715926], [46.7441109, 24.8716234], [46.7441241, 24.8716304], [46.7441529, 24.87163], [46.7441605, 24.8716156], [46.7441891, 24.8716033], [46.7441966, 24.871577], [46.7442224, 24.8715504], [46.7442513, 24.8715548], [46.7442648, 24.8715833], [46.7442965, 24.8716045], [46.7443253, 24.8716017], [46.7443746, 24.8715849], [46.7443902, 24.8715652], [46.7443768, 24.8715414], [46.7443425, 24.8715251], [46.7443763, 24.8715032], [46.7444233, 24.8714955], [46.7444418, 24.8715072], [46.7445099, 24.8715088], [46.7445625, 24.8715273], [46.7446024, 24.8715698], [46.7446235, 24.8715815], [46.7446558, 24.8716409], [46.7447299, 24.8716973], [46.7447461, 24.8717354], [46.7447758, 24.8717735], [46.7448045, 24.8717873], [46.7448175, 24.8717871], [46.74482, 24.8717751], [46.7448433, 24.8717534], [46.7448498, 24.8716577], [46.7448938, 24.8716238], [46.7449303, 24.871609], [46.7449618, 24.8716158], [46.7449699, 24.8716324], [46.7449857, 24.8716418], [46.7450355, 24.8716436], [46.7450463, 24.8716674], [46.7450701, 24.8716862], [46.7451174, 24.8716952], [46.7451622, 24.8717162], [46.7451939, 24.8717166], [46.7452713, 24.8716958], [46.7453008, 24.8717026], [46.7453221, 24.8717263], [46.7453746, 24.8717376], [46.7453959, 24.871766], [46.7454458, 24.8717726], [46.7454593, 24.8718059], [46.7454833, 24.8718366], [46.745523, 24.8718648], [46.7455728, 24.871869], [46.7455959, 24.8718828], [46.7456399, 24.8719412], [46.7456657, 24.8719587], [46.7457025, 24.8719655], [46.7457395, 24.8719889], [46.74579, 24.8720457], [46.7458425, 24.8720546], [46.7458737, 24.8720351], [46.745876, 24.872016], [46.7459181, 24.8720298], [46.745942, 24.8720534], [46.7458663, 24.8720734], [46.7459086, 24.8720992], [46.7459115, 24.8721159], [46.7459458, 24.8721346], [46.7459617, 24.8721535], [46.7459748, 24.8721534], [46.7459725, 24.8721773], [46.7459938, 24.8722009], [46.746002, 24.8722271], [46.7460355, 24.8722748], [46.7460764, 24.8722979], [46.7461261, 24.8722949], [46.7461395, 24.8723187], [46.7461626, 24.8723318], [46.7462079, 24.8723394], [46.7462445, 24.8723413], [46.7462477, 24.8723819], [46.7463005, 24.8724076], [46.7463141, 24.872448], [46.7463327, 24.8724645], [46.746364, 24.8724594], [46.7464161, 24.8724355], [46.7464808, 24.8723816], [46.7465143, 24.8723477], [46.7465296, 24.8723141], [46.7465498, 24.8722806], [46.7465656, 24.8722707], [46.7465999, 24.872287], [46.7466061, 24.8723538], [46.7466286, 24.8724236], [46.7466598, 24.8724464], [46.7466728, 24.8724462], [46.7466887, 24.872458], [46.7467201, 24.8724665], [46.7467752, 24.8724641], [46.7468484, 24.8724513], [46.7469557, 24.8724501], [46.7469739, 24.8724427], [46.7470368, 24.872442], [46.7470683, 24.8724511], [46.7470739, 24.8724638], [46.7470618, 24.8725127], [46.7470668, 24.87253], [46.7470879, 24.8725417], [46.7470933, 24.8725587], [46.7470861, 24.8725966], [46.7470636, 24.8726734], [46.7470277, 24.8727287], [46.747028, 24.8727502], [46.7470468, 24.8727858], [46.7470484, 24.872833], [46.7470581, 24.872843], [46.747066, 24.8728429], [46.747078, 24.8728343], [46.7470966, 24.8727876], [46.7471304, 24.8727705], [46.747151, 24.8727464], [46.7471711, 24.8726864], [46.7471753, 24.8726147], [46.7471854, 24.8725859], [46.7472009, 24.872569], [46.7472114, 24.8725737], [46.747225, 24.8726094], [46.7472542, 24.8726377], [46.7472547, 24.8726735], [46.7472679, 24.8727187], [46.7472953, 24.8727638], [46.7473457, 24.872811], [46.7473517, 24.8728659], [46.7473756, 24.8729033], [46.747405, 24.8729297], [46.7474004, 24.8728556], [46.7473904, 24.8728248], [46.7473609, 24.8727774], [46.7473334, 24.8726845], [46.7473122, 24.8726633], [46.7472882, 24.872622], [46.7472742, 24.8725682], [46.7472808, 24.8724773], [46.7472433, 24.872418], [46.7472377, 24.8723918], [46.7471872, 24.8723375], [46.7471787, 24.8722922], [46.7471862, 24.8722706], [46.7472045, 24.872266], [46.7472308, 24.8722725], [46.747244, 24.8722819], [46.7472648, 24.8722745], [46.747265, 24.872284], [46.7472859, 24.8722838], [46.7472968, 24.8723123], [46.7473348, 24.8723241], [46.7473806, 24.8723113], [46.7473909, 24.8723016], [46.7474673, 24.8722636], [46.747569, 24.8722475], [46.7476441, 24.8722604], [46.747665, 24.8722765], [46.7476736, 24.8722983], [46.7476739, 24.8723174], [46.7476844, 24.8723173], [46.7477056, 24.8723362], [46.7477137, 24.8723683], [46.7476944, 24.8724543], [46.7477076, 24.8724795], [46.7477287, 24.8724888], [46.747729, 24.8725079], [46.7477499, 24.8725077], [46.7477711, 24.8725265], [46.7477921, 24.8725263], [46.74776, 24.8724789], [46.7477497, 24.8724328], [46.7477589, 24.8724024], [46.7477692, 24.8723928], [46.7478111, 24.8723923], [46.7478742, 24.8724106], [46.7478848, 24.8724201], [46.7479214, 24.8724346], [46.7479898, 24.872438], [46.7480317, 24.8724375], [46.7480421, 24.8724278], [46.7481049, 24.8724271], [46.7481152, 24.8724174], [46.7481733, 24.8723998], [46.7482723, 24.8724155], [46.7483039, 24.8724247], [46.7483045, 24.8724725], [46.7483151, 24.8724819], [46.7483361, 24.8724817], [46.748347, 24.8725102], [46.748368, 24.8725195], [46.7483683, 24.8725386], [46.7483894, 24.8725479], [46.7483898, 24.8725766], [46.7484003, 24.8725765], [46.7484008, 24.8726147], [46.7484217, 24.8726145], [46.7484432, 24.8726524], [46.7484537, 24.8726523], [46.7484853, 24.8726706], [46.7484972, 24.8727202], [46.7484859, 24.8727899], [46.7484564, 24.8728434], [46.7484461, 24.872853], [46.7484465, 24.8728817], [46.7484363, 24.8729009], [46.7484259, 24.8729106], [46.7483816, 24.8729252], [46.7482386, 24.8728991], [46.748208, 24.8729015], [46.7481851, 24.8729134], [46.7481747, 24.8729231], [46.7481433, 24.8729235], [46.7481434, 24.872933], [46.7481226, 24.8729428], [46.7481228, 24.8729524], [46.7481123, 24.8729525], [46.7481001, 24.8729667], [46.7481029, 24.8730291], [46.7480827, 24.8730866], [46.7480725, 24.8731059], [46.7480621, 24.873106], [46.7480623, 24.8731251], [46.7480519, 24.8731252], [46.748052, 24.8731348], [46.7480354, 24.8731475], [46.7479483, 24.87313], [46.7479159, 24.8731364], [46.7479055, 24.873146], [46.7478741, 24.8731464], [46.7478533, 24.8731562], [46.7478434, 24.8731945], [46.7478226, 24.8732043], [46.7478227, 24.8732139], [46.7478122, 24.873214], [46.7478123, 24.8732236], [46.7477958, 24.873241], [46.7477551, 24.8732483], [46.7477142, 24.8732419], [46.7476972, 24.8732249], [46.747697, 24.8732154], [46.7476741, 24.8731916], [46.747618, 24.8731827], [46.7475621, 24.8731929], [46.7475399, 24.8732172], [46.7475401, 24.8732268], [46.7475191, 24.873227], [46.7475193, 24.8732366], [46.7474878, 24.8732369], [46.747488, 24.8732465], [46.7474462, 24.8732565], [46.7474464, 24.8732661], [46.7474359, 24.8732662], [46.7474257, 24.8732854], [46.7474262, 24.8733236], [46.7474054, 24.8733334], [46.747403, 24.8733829], [46.7473957, 24.8733909], [46.7473853, 24.873391], [46.7473784, 24.8733999], [46.7473862, 24.8734579], [46.7473759, 24.8734676], [46.7473757, 24.873458], [46.7473547, 24.8734487], [46.7472854, 24.8734432], [46.7472706, 24.8734306], [46.7472705, 24.873421], [46.74726, 24.8734211], [46.7472493, 24.8734022], [46.7472177, 24.873393], [46.7472176, 24.8733834], [46.7471965, 24.8733741], [46.7471964, 24.8733646], [46.7471764, 24.8733455], [46.747128, 24.8733412], [46.7470797, 24.8733534], [46.7470604, 24.8733757], [46.7470605, 24.8733853], [46.7470291, 24.8733856], [46.7469771, 24.8734149], [46.7469562, 24.8734151], [46.746946, 24.8734344], [46.746925, 24.8734346], [46.7469256, 24.8734728], [46.7469154, 24.8734921], [46.7468936, 24.8735288], [46.7468741, 24.8735403], [46.7468637, 24.8735404], [46.7468535, 24.8735597], [46.746843, 24.8735598], [46.7468328, 24.873579], [46.7468332, 24.8736077], [46.7468228, 24.8736174], [46.7468164, 24.8736434], [46.7468339, 24.8737121], [46.7468245, 24.873732], [46.7468037, 24.8737418], [46.7467956, 24.873757], [46.7467941, 24.8738088], [46.7467745, 24.8738509], [46.746753, 24.8738666], [46.7467321, 24.8738669], [46.7467423, 24.8738476], [46.7467265, 24.8738406], [46.7466043, 24.8738134], [46.746525, 24.8737606], [46.7463198, 24.8736913], [46.7462683, 24.8736561], [46.7462129, 24.8736317], [46.746105, 24.8736134], [46.7459418, 24.8736241], [46.7458595, 24.8736358], [46.7457813, 24.8736618], [46.7457264, 24.8736696], [46.7455418, 24.8736718], [46.7454635, 24.873687], [46.745366, 24.8737347], [46.7452561, 24.8737432], [46.7451662, 24.8737729], [46.7451351, 24.8737948], [46.7450531, 24.8738315], [46.7449872, 24.8738697], [46.7449559, 24.8739008], [46.7449498, 24.8739313], [46.7449625, 24.8740112], [46.7449539, 24.8740405], [46.7449385, 24.8740586], [46.7449072, 24.8740697], [46.7448702, 24.8740985], [46.7448453, 24.8741385], [46.744838, 24.8741745], [46.7448187, 24.8741998], [46.7448074, 24.8742322], [46.7447648, 24.8742757], [46.744738, 24.8743297], [46.7447148, 24.8743515], [46.7447115, 24.8743981], [46.7446808, 24.8744522], [46.7446787, 24.8744918], [46.7446897, 24.8745274], [46.7447058, 24.8745487], [46.7447373, 24.8745555], [46.7447417, 24.8745877], [46.7447537, 24.8746054], [46.7447854, 24.874623], [46.7448212, 24.8746584], [46.7448528, 24.8746724], [46.7449087, 24.8747362], [46.7449679, 24.874757], [46.7449836, 24.8747568], [46.7450343, 24.8747312], [46.7450854, 24.8747306], [46.7451284, 24.8747193], [46.7451439, 24.8747012], [46.7451907, 24.8746756], [46.7452416, 24.8746678], [46.7452932, 24.8746729], [46.7453519, 24.8746916], [46.7453994, 24.8747161], [46.7454392, 24.8747551], [46.7454747, 24.8747618], [46.7454743, 24.8747368], [46.7455094, 24.8747184], [46.7455248, 24.8746968], [46.7455324, 24.8746787], [46.7455317, 24.8746286], [46.745551, 24.8745997], [46.7455704, 24.8745851], [46.7456136, 24.8745846], [46.7455983, 24.8746135], [46.7455924, 24.8746567], [46.7456038, 24.8747245], [46.7456162, 24.8747709], [46.7456401, 24.8747957], [46.7456523, 24.8748243], [46.7456682, 24.8748348], [46.7456723, 24.8748527], [46.745708, 24.8748738], [46.7457905, 24.8748728], [46.7458379, 24.8748937], [46.7458578, 24.874915], [46.7458583, 24.8749473], [46.7458431, 24.8749833], [46.7458313, 24.874987], [46.745822, 24.8750007], [46.7458205, 24.8750516], [46.7457547, 24.875124], [46.7457165, 24.8751962], [46.7456893, 24.8752216], [46.7456819, 24.8752503], [46.7456352, 24.8752867], [46.7456121, 24.8753156], [46.7456007, 24.8753444], [46.7455544, 24.8754023], [46.7455048, 24.8755104], [46.7454661, 24.8755467], [46.745447, 24.8755863], [46.7454391, 24.8755864], [46.7454178, 24.8756061], [46.7454054, 24.875694], [46.7453859, 24.8757088], [46.745378, 24.8757089], [46.7453704, 24.8757269], [46.7453201, 24.8757777], [46.7452932, 24.875821], [46.7452936, 24.8758497], [46.7453058, 24.8758782], [46.7452973, 24.8759867], [46.7453116, 24.8760179], [46.7453354, 24.8760319], [46.7453475, 24.8760533], [46.7453486, 24.8761321], [46.745365, 24.8761785], [46.7453624, 24.8762753], [46.7453828, 24.8763324], [46.7453916, 24.8763967], [46.7454035, 24.8764074], [46.7454041, 24.8764468], [46.7454241, 24.8764716], [46.745485, 24.8764895], [46.7455498, 24.8764737], [46.7455677, 24.8764495], [46.7455841, 24.8764017], [46.745595, 24.8763335], [46.7456262, 24.8763188], [46.7456648, 24.8762717], [46.7456726, 24.8762716], [46.7456845, 24.8762563], [46.7456714, 24.8761857], [46.7456739, 24.8761395], [46.7456862, 24.876121], [46.745694, 24.8761173], [46.7456976, 24.8760922], [46.7457479, 24.8760378], [46.7457626, 24.875966], [46.7457894, 24.8759119], [46.7458113, 24.875797], [46.7458614, 24.8757248], [46.7458764, 24.8756744], [46.745927, 24.8756452], [46.7459669, 24.8756104], [46.745985, 24.87558], [46.745991, 24.8755467], [46.7459843, 24.8755263], [46.7459763, 24.8755192], [46.7459601, 24.8754753], [46.7459745, 24.8753938], [46.7459934, 24.8753362], [46.7460165, 24.8753073], [46.7460237, 24.8752571], [46.7460383, 24.8751906], [46.7460616, 24.8751635], [46.746089, 24.875156], [46.7461462, 24.8751473], [46.7461794, 24.8751549], [46.7462074, 24.8751904], [46.7462311, 24.8752009], [46.7462312, 24.8752081], [46.7462509, 24.8752386], [46.7463478, 24.8752806], [46.746374, 24.8753067], [46.7463752, 24.8753927], [46.7463757, 24.8754764], [46.7463926, 24.8755143], [46.7464283, 24.875539], [46.7464604, 24.8755852], [46.7465093, 24.8757136], [46.7465312, 24.8758443], [46.7465336, 24.8760466], [46.7465311, 24.8761469], [46.7465274, 24.8761957], [46.7465164, 24.8762188], [46.7465086, 24.876226], [46.7465091, 24.8762618], [46.7464959, 24.8762978], [46.7464593, 24.8763484], [46.7464284, 24.8763846], [46.7464289, 24.8764204], [46.7464187, 24.8764662], [46.7463986, 24.8765032], [46.7463365, 24.8765505], [46.7463281, 24.8766279], [46.7463142, 24.8766475], [46.7463064, 24.8766512], [46.7462884, 24.8766741], [46.74628, 24.8767232], [46.7462807, 24.8767733], [46.7462347, 24.8768599], [46.7461932, 24.8769786], [46.7461941, 24.8770395], [46.7462101, 24.8770644], [46.7462237, 24.877148], [46.7462205, 24.8771925], [46.7462166, 24.8771991], [46.7462119, 24.8771934], [46.7462079, 24.8771827], [46.7462, 24.8771828], [46.7461848, 24.8771905], [46.7461788, 24.8772108], [46.7461937, 24.8772939], [46.7462141, 24.8773438], [46.7462299, 24.8773544], [46.7462367, 24.8773799], [46.7462266, 24.877401], [46.7462188, 24.8774047], [46.7461636, 24.8773874], [46.7461243, 24.8773843], [46.7460848, 24.8773704], [46.7460373, 24.8773459], [46.7459976, 24.8773105], [46.745934, 24.8772912], [46.7458245, 24.8772947], [46.7457265, 24.8773101], [46.745633, 24.8773614], [46.7454601, 24.8773562], [46.7454015, 24.877382], [46.7453862, 24.8774109], [46.7453869, 24.877461], [46.7453718, 24.8775006], [46.7453721, 24.8775257], [46.7453445, 24.877591], [46.7453414, 24.8775798], [46.7453254, 24.8775585], [46.7453212, 24.8775334], [46.7452933, 24.8775051], [46.7452656, 24.8774947], [46.745215, 24.8774866], [46.745191, 24.8774956], [46.7451875, 24.8775243], [46.7451955, 24.8775385], [46.7452552, 24.8775951], [46.745268, 24.8776631], [46.7452887, 24.8777472], [46.7453169, 24.8777879], [46.7453446, 24.8778055], [46.7454314, 24.8778296], [46.7454591, 24.8778472], [46.7454674, 24.8778703], [46.7454566, 24.8779511], [46.7454648, 24.8779725], [46.7455124, 24.8780078], [46.7453486, 24.8780051], [46.7453119, 24.8779922], [46.7452565, 24.8779642], [46.7452208, 24.8779359], [46.7451807, 24.8778827], [46.745157, 24.8778686], [46.74509, 24.8778515], [46.7450468, 24.877852], [46.7450272, 24.8778594], [46.7450235, 24.8778738], [46.7450394, 24.8778879], [46.7451103, 24.877905], [46.7451302, 24.8779227], [46.7451454, 24.8779519], [46.7451501, 24.8780019], [46.7439427, 24.8779824], [46.743275, 24.8779706], [46.7427171, 24.8781146], [46.7418569, 24.8782032], [46.7415916, 24.8777152], [46.7410434, 24.8770143], [46.7402009, 24.8768277], [46.7396888, 24.8771676], [46.738763, 24.8771784], [46.7382081, 24.8775385], [46.7371006, 24.8768835], [46.7349223, 24.8766534], [46.7328935, 24.874791], [46.7323526, 24.8742786], [46.7322935, 24.8742226]]]}}, {"type": "Feature", "properties": {"name": "Wadi Boundary", "layer": "Topographic Survey feature$0$C-TOPO-WADI"}, "geometry": {"type": "Polygon", "coordinates": [[[46.7560705, 24.8879715], [46.7560107, 24.8879355], [46.7559653, 24.8879659], [46.7559128, 24.8879775], [46.7558345, 24.8879734], [46.7557486, 24.8879566], [46.7556898, 24.8879273], [46.75565, 24.887886], [46.7556494, 24.8878501], [46.7556361, 24.8878324], [46.7556225, 24.8877978], [46.7556151, 24.8877371], [46.7556137, 24.8876356], [46.7556326, 24.8875816], [46.7556973, 24.8875271], [46.7557152, 24.8874827], [46.7557292, 24.887473], [46.7557358, 24.8874729], [46.755746, 24.8874624], [46.7557482, 24.887425], [46.7557507, 24.8874092], [46.7557469, 24.8873354], [46.7557255, 24.8873013], [46.7557003, 24.8872822], [46.7556982, 24.8872814], [46.7556544, 24.8872768], [46.7556285, 24.887295], [46.7556222, 24.887313], [46.7555569, 24.8873257], [46.7555375, 24.8873438], [46.7555377, 24.8873558], [46.7555247, 24.8873619], [46.755512, 24.8873919], [46.7554745, 24.8874427], [46.7554345, 24.8874645], [46.7554018, 24.8874649], [46.7553885, 24.8874531], [46.7553426, 24.8874477], [46.7553162, 24.8874301], [46.7552899, 24.8874244], [46.7552897, 24.8874124], [46.7552765, 24.8874007], [46.7552265, 24.8873924], [46.7552173, 24.8873834], [46.7552172, 24.8873775], [46.755206, 24.8873697], [46.7551387, 24.8873784], [46.7551122, 24.8873608], [46.7551062, 24.8873393], [46.7551115, 24.887313], [46.7551439, 24.8872828], [46.7551501, 24.8872648], [46.7551632, 24.8872646], [46.7551631, 24.8872527], [46.7551825, 24.8872405], [46.7552021, 24.8871948], [46.7552145, 24.8871864], [46.755221, 24.8871863], [46.7552323, 24.8871768], [46.7552328, 24.8871527], [46.7552222, 24.8871238], [46.7552069, 24.8871089], [46.7551741, 24.8871092], [46.7551612, 24.8871213], [46.7551351, 24.8871276], [46.7550958, 24.8871281], [46.755083, 24.8871461], [46.755031, 24.8871706], [46.7549987, 24.8872009], [46.7549796, 24.8872429], [46.7549666, 24.887249], [46.7549603, 24.887267], [46.7549281, 24.8873032], [46.7548303, 24.8873501], [46.7548046, 24.8873704], [46.7547918, 24.8873884], [46.7547592, 24.8873948], [46.7546877, 24.8874315], [46.754662, 24.8874676], [46.7546437, 24.8875634], [46.7546186, 24.8875984], [46.7545921, 24.8876177], [46.7545725, 24.8876239], [46.7545234, 24.8876304], [46.7544743, 24.8876251], [46.7544283, 24.8876077], [46.7544197, 24.8875863], [46.7544374, 24.8875162], [46.7544331, 24.8874882], [46.7544132, 24.8874646], [46.7543519, 24.8874568], [46.7543409, 24.8874475], [46.7543407, 24.887444], [46.7543407, 24.8874356], [46.7543309, 24.8874239], [46.7543068, 24.8874213], [46.7542361, 24.8874428], [46.7542038, 24.887473], [46.7541911, 24.887503], [46.754178, 24.8875032], [46.7541535, 24.8875173], [46.7541329, 24.8875515], [46.7541268, 24.8875874], [46.7541139, 24.8875995], [46.7541077, 24.8876234], [46.7541011, 24.8876235], [46.7540873, 24.8876293], [46.7540836, 24.8876449], [46.7541096, 24.8877608], [46.7540844, 24.8878267], [46.7540587, 24.8878629], [46.75406, 24.8879584], [46.754041, 24.8880004], [46.754035, 24.8880363], [46.7540156, 24.8880545], [46.75397, 24.8880729], [46.7537997, 24.888069], [46.7537411, 24.8880935], [46.7537348, 24.8881056], [46.7537217, 24.8881057], [46.7537092, 24.8881477], [46.7536963, 24.8881598], [46.7536965, 24.8881777], [46.7536773, 24.8882078], [46.7536318, 24.8882322], [46.753573, 24.8882389], [46.7535601, 24.8882509], [46.753547, 24.8882511], [46.7535407, 24.8882691], [46.7535212, 24.8882813], [46.7534762, 24.8883415], [46.7534636, 24.8883715], [46.7534505, 24.8883776], [46.7534507, 24.8883896], [46.7534311, 24.8883898], [46.7533651, 24.8884048], [46.7533074, 24.888439], [46.7532945, 24.8884511], [46.7532669, 24.8884654], [46.7531771, 24.8884884], [46.7531382, 24.8885127], [46.7531186, 24.8885129], [46.7531187, 24.8885249], [46.7531042, 24.8885406], [46.753021, 24.8885619], [46.7530017, 24.888586], [46.7529822, 24.8885922], [46.7529696, 24.8886281], [46.7529501, 24.8886403], [46.7529503, 24.8886523], [46.7529309, 24.8886704], [46.7529178, 24.8886706], [46.7529114, 24.8886826], [46.7528788, 24.8887164], [46.7528401, 24.8887312], [46.752827, 24.8887313], [46.7527752, 24.8887678], [46.7527555, 24.888768], [46.7526447, 24.8888052], [46.7525083, 24.8888076], [46.7524616, 24.8888192], [46.7524227, 24.8888436], [46.7524096, 24.8888437], [46.7523837, 24.8888679], [46.7523785, 24.8889576], [46.7523658, 24.8889876], [46.7523336, 24.8890238], [46.7522945, 24.8890422], [46.7521966, 24.8890612], [46.7521573, 24.8890617], [46.7521444, 24.8890738], [46.7521228, 24.8890794], [46.7520789, 24.8890746], [46.7520125, 24.8890732], [46.7519936, 24.8890576], [46.7519935, 24.8890517], [46.7519774, 24.8890346], [46.7519211, 24.8890227], [46.7518424, 24.8890117], [46.7517638, 24.8890126], [46.7517375, 24.8890009], [46.7517113, 24.8890012], [46.7516998, 24.8889808], [46.7517041, 24.8889595], [46.7517171, 24.8889534], [46.7517166, 24.8889116], [46.7517487, 24.8888694], [46.7517616, 24.8888573], [46.7517878, 24.888857], [46.751848, 24.8888472], [46.751879, 24.8888261], [46.7518854, 24.8888141], [46.751918, 24.8888017], [46.7519243, 24.8887897], [46.7519374, 24.8887896], [46.7519894, 24.8887591], [46.7520412, 24.8887227], [46.7520471, 24.8886748], [46.7520359, 24.8886585], [46.7520108, 24.8886466], [46.7519156, 24.888635], [46.751915, 24.8885928], [46.7518819, 24.8885693], [46.7518809, 24.8884976], [46.7518677, 24.8884858], [46.7518546, 24.888486], [46.7518479, 24.8884741], [46.7518473, 24.8884323], [46.7518198, 24.8884138], [46.7517655, 24.8884084], [46.7517203, 24.8884185], [46.7517034, 24.88844], [46.7517034, 24.8884459], [46.7516926, 24.8884543], [46.7516381, 24.8884527], [46.751599, 24.8884711], [46.7514747, 24.8884785], [46.7514422, 24.8884908], [46.7514293, 24.8885089], [46.7514163, 24.888509], [46.7514164, 24.888521], [46.7514013, 24.8885338], [46.7513578, 24.8885396], [46.7513316, 24.8885399], [46.7512967, 24.8885519], [46.7512536, 24.8885826], [46.7512278, 24.8886068], [46.7512088, 24.8886548], [46.7511894, 24.8886729], [46.7511896, 24.8886849], [46.7511637, 24.8887031], [46.7511315, 24.8887453], [46.7511119, 24.8887455], [46.751099, 24.8887576], [46.7510793, 24.8887578], [46.7510598, 24.88877], [46.7509618, 24.8887831], [46.7509359, 24.8888013], [46.7508967, 24.8888078], [46.7508447, 24.8888323], [46.750825, 24.8888325], [46.7507599, 24.8888571], [46.7507337, 24.8888574], [46.7506751, 24.8888761], [46.7506292, 24.8888766], [46.7506293, 24.8888826], [46.7506138, 24.8888968], [46.7505314, 24.8889016], [46.7504989, 24.8889199], [46.7504597, 24.8889264], [46.7504598, 24.8889323], [46.7504141, 24.8889388], [46.7503947, 24.888957], [46.7503556, 24.8889694], [46.7503557, 24.8889753], [46.7503422, 24.8889879], [46.7502708, 24.8889943], [46.750219, 24.8890367], [46.7501734, 24.8890492], [46.7501411, 24.8890794], [46.7501349, 24.8891034], [46.7501155, 24.8891215], [46.7500634, 24.88914], [46.750057, 24.889152], [46.7500093, 24.8891892], [46.7499268, 24.8892073], [46.7499006, 24.8892076], [46.7498616, 24.889226], [46.749842, 24.8892262], [46.749816, 24.8892444], [46.7497312, 24.8892634], [46.7497183, 24.8892755], [46.7496922, 24.8892817], [46.7496923, 24.8892877], [46.7496662, 24.889294], [46.7496275, 24.8893422], [46.749627, 24.8894023], [46.7496155, 24.889414], [46.7496089, 24.8894141], [46.749595, 24.8894255], [46.7495897, 24.8894531], [46.7495957, 24.8894807], [46.74961, 24.8894917], [46.7496166, 24.8894916], [46.7496282, 24.8895005], [46.7496367, 24.8895272], [46.7496373, 24.889569], [46.7496112, 24.8895753], [46.7495848, 24.8895577], [46.7495648, 24.889534], [46.7495579, 24.8895102], [46.7495247, 24.8894808], [46.7494919, 24.8894752], [46.7494401, 24.8895116], [46.7494139, 24.8895119], [46.7494145, 24.8895537], [46.7494052, 24.8895943], [46.7493891, 24.8896137], [46.7493565, 24.8896201], [46.7493432, 24.8896083], [46.7493359, 24.8895546], [46.749283, 24.8895194], [46.7492822, 24.8894597], [46.7492929, 24.8894006], [46.7493136, 24.8893638], [46.7493265, 24.8893517], [46.749326, 24.8893159], [46.7493389, 24.8892978], [46.749338, 24.8892381], [46.7493109, 24.8891727], [46.7492512, 24.8891197], [46.7492385, 24.8890751], [46.7492433, 24.8890242], [46.749256, 24.8889942], [46.7492792, 24.8889796], [46.7493277, 24.8889695], [46.7494193, 24.8889684], [46.7494522, 24.88898], [46.7494951, 24.8889829], [46.7495634, 24.8889727], [46.7496613, 24.8889477], [46.7497332, 24.8889408], [46.7497787, 24.8889164], [46.7497851, 24.8889044], [46.7497257, 24.8888752], [46.7497256, 24.8888693], [46.749706, 24.8888695], [46.7496794, 24.88884], [46.7496137, 24.8887782], [46.7495603, 24.8887518], [46.7495209, 24.8887463], [46.7494945, 24.8887287], [46.7494749, 24.8887289], [46.7494353, 24.8887114], [46.7494087, 24.8886819], [46.7494085, 24.888664], [46.7493623, 24.8886406], [46.749362, 24.8886167], [46.749375, 24.8886106], [46.7493748, 24.8885987], [46.7494071, 24.8885684], [46.7494133, 24.8885445], [46.7494132, 24.8885325], [46.7494001, 24.8885327], [46.7493999, 24.8885207], [46.7493934, 24.8885208], [46.7493927, 24.8884731], [46.7493794, 24.8884613], [46.7493532, 24.8884542], [46.7492682, 24.8884626], [46.7492484, 24.8884568], [46.7492205, 24.8884401], [46.7492087, 24.8884215], [46.7492085, 24.8884095], [46.7491861, 24.8884006], [46.749117, 24.8884225], [46.7490844, 24.8884349], [46.7490781, 24.8884469], [46.7490584, 24.8884471], [46.749039, 24.8884593], [46.7490022, 24.8884671], [46.7489129, 24.888459], [46.7488819, 24.8884671], [46.748856, 24.8884853], [46.7488148, 24.8885033], [46.748704, 24.88853], [46.7486606, 24.8885593], [46.7486478, 24.8885773], [46.7486481, 24.8886012], [46.748668, 24.8886189], [46.7486753, 24.8886726], [46.7486563, 24.8887146], [46.7486433, 24.8887207], [46.7486374, 24.8887686], [46.7486116, 24.8887928], [46.7485798, 24.8888648], [46.7485478, 24.8889129], [46.7485353, 24.8889549], [46.748516, 24.888979], [46.7484899, 24.8889853], [46.7484835, 24.8889973], [46.7484574, 24.8890036], [46.748425, 24.8890278], [46.7483997, 24.8890879], [46.7483802, 24.8891], [46.7483326, 24.8891073], [46.7482128, 24.8890831], [46.7481706, 24.8890965], [46.7481642, 24.8891026], [46.7481395, 24.8891094], [46.7481118, 24.8891032], [46.7480918, 24.8890795], [46.7480916, 24.8890616], [46.7480729, 24.889043], [46.7480125, 24.8890267], [46.7479403, 24.8890096], [46.7478941, 24.8889863], [46.747809, 24.8889873], [46.7477438, 24.889006], [46.7477045, 24.8890064], [46.747672, 24.8890247], [46.7476463, 24.8890549], [46.7476135, 24.8890553], [46.7476136, 24.8890612], [46.7476016, 24.889073], [46.7475615, 24.8890798], [46.7475118, 24.8890893], [46.747496, 24.8890805], [46.747496, 24.8890746], [46.7474829, 24.8890747], [46.7474696, 24.8890629], [46.7474634, 24.8890445], [46.7474685, 24.8889853], [46.7474483, 24.8889437], [46.7474284, 24.8889261], [46.7474021, 24.8889204], [46.7473975, 24.8889021], [46.747408, 24.8888725], [46.74746, 24.8888421], [46.7474922, 24.8888059], [46.7475019, 24.8887514], [46.7474964, 24.8887346], [46.7474845, 24.8887283], [46.747478, 24.8887284], [46.7474777, 24.8887105], [46.7474647, 24.8887106], [46.7474445, 24.888675], [46.7474247, 24.8886633], [46.7473723, 24.8886639], [46.7473722, 24.888652], [46.7473574, 24.8886155], [46.7473321, 24.8885987], [46.747319, 24.8885989], [46.7472924, 24.8885693], [46.7472728, 24.8885696], [46.747253, 24.8885578], [46.7471545, 24.8885351], [46.7470825, 24.888536], [46.7470369, 24.8885544], [46.746983, 24.8885618], [46.7469322, 24.8885556], [46.7468933, 24.8885425], [46.7468728, 24.8885265], [46.7468661, 24.8885146], [46.746853, 24.8885148], [46.7468198, 24.8884793], [46.74678, 24.8884709], [46.7467478, 24.8884802], [46.7467413, 24.8884862], [46.7467151, 24.8884964], [46.7466237, 24.8884995], [46.7465912, 24.8885178], [46.7465715, 24.888518], [46.7465064, 24.8885427], [46.7464743, 24.8885849], [46.7464031, 24.8886454], [46.7463851, 24.8887591], [46.7463675, 24.8887744], [46.7463388, 24.8887797], [46.7461451, 24.8887453], [46.7461019, 24.888748], [46.7460709, 24.8887628], [46.7460502, 24.8887821], [46.745981, 24.8887998], [46.7459453, 24.8887957], [46.7459245, 24.8887836], [46.745918, 24.888757], [46.7459234, 24.8887072], [46.7459387, 24.8886519], [46.745964, 24.8886112], [46.7459846, 24.8885918], [46.745998, 24.888543], [46.7459836, 24.8885154], [46.7459626, 24.8885156], [46.7459624, 24.8884965], [46.7459205, 24.888497], [46.7458992, 24.8884781], [46.7458342, 24.8884497], [46.7457511, 24.888439], [46.7456918, 24.8884504], [46.7456688, 24.8884808], [46.7456704, 24.888494], [46.7456691, 24.8884999], [46.7456481, 24.8885002], [46.7456275, 24.8885195], [46.7456065, 24.8885198], [46.7455858, 24.8885391], [46.7455649, 24.8885394], [46.7455445, 24.8885778], [46.7455235, 24.8885781], [46.7455238, 24.8885972], [46.7455029, 24.8885974], [46.7455031, 24.8886165], [46.7454824, 24.8886359], [46.7454615, 24.8886361], [46.7454623, 24.8886935], [46.7454414, 24.8886937], [46.7454416, 24.8887128], [46.7454, 24.8887324], [46.7453791, 24.8887327], [46.7453733, 24.8887428], [46.7453799, 24.88879], [46.7453594, 24.8888284], [46.7453385, 24.8888287], [46.7453388, 24.8888478], [46.7453178, 24.888848], [46.7453184, 24.8888863], [46.7452765, 24.8888867], [46.7452767, 24.8889058], [46.7452558, 24.8889061], [46.7452561, 24.8889252], [46.7452354, 24.8889446], [46.7452144, 24.8889448], [46.745215, 24.888983], [46.7451943, 24.8890024], [46.7451951, 24.8890597], [46.7451537, 24.8890984], [46.7451208, 24.8891668], [46.7451082, 24.8892496], [46.7451214, 24.8893061], [46.745157, 24.8893277], [46.7451715, 24.8893262], [46.7451779, 24.8893274], [46.7451782, 24.8893465], [46.7452201, 24.8893461], [46.7452203, 24.8893652], [46.7452413, 24.8893649], [46.7452836, 24.8893854], [46.7453049, 24.8894215], [46.7453051, 24.8894311], [46.7453155, 24.8894309], [46.7453157, 24.8894405], [46.7453262, 24.8894404], [46.7453263, 24.8894499], [46.7453368, 24.8894498], [46.7453369, 24.8894593], [46.7453684, 24.8894685], [46.7453686, 24.8894781], [46.7453895, 24.8894778], [46.7454003, 24.8894968], [46.7454545, 24.889499], [46.7454632, 24.8895056], [46.7454634, 24.8895152], [46.7455054, 24.8895243], [46.745516, 24.8895337], [46.7455684, 24.8895331], [46.7455685, 24.8895426], [46.7455999, 24.8895423], [46.7456316, 24.889561], [46.7457573, 24.8895595], [46.745789, 24.8895783], [46.7458414, 24.8895777], [46.7458835, 24.8895963], [46.7458943, 24.8896153], [46.7459154, 24.8896246], [46.7459486, 24.8896272], [46.7460328, 24.8896111], [46.746062, 24.8896229], [46.7460727, 24.8896418], [46.7460832, 24.8896417], [46.7460839, 24.8896895], [46.746105, 24.8896988], [46.7461358, 24.8897012], [46.7462139, 24.8896864], [46.7462411, 24.8896972], [46.7462519, 24.8897162], [46.7462833, 24.8897158], [46.7463044, 24.8897251], [46.7463045, 24.8897347], [46.7463256, 24.889744], [46.7463259, 24.8897631], [46.7463471, 24.889782], [46.7463472, 24.8897915], [46.7463577, 24.8897914], [46.7463578, 24.8898009], [46.746369, 24.889819], [46.7464002, 24.8898387], [46.7464213, 24.889848], [46.7464215, 24.8898575], [46.7464424, 24.8898573], [46.7464532, 24.8898763], [46.7464741, 24.889876], [46.7464847, 24.8898855], [46.7465109, 24.8898984], [46.7465456, 24.8899004], [46.7467065, 24.8898668], [46.746757, 24.8898823], [46.7467676, 24.8898917], [46.7468201, 24.8899006], [46.7468203, 24.8899102], [46.7468412, 24.8899099], [46.7468414, 24.8899195], [46.746852, 24.8899289], [46.7468729, 24.8899287], [46.746873, 24.8899382], [46.7469045, 24.8899379], [46.7469152, 24.8899569], [46.7469466, 24.8899565], [46.7469574, 24.8899755], [46.7469993, 24.889975], [46.7470414, 24.8899936], [46.7470729, 24.8899932], [46.7470835, 24.8900027], [46.7471358, 24.8900021], [46.7472008, 24.8900108], [46.747241, 24.8900295], [46.7472516, 24.8900389], [46.7472725, 24.8900387], [46.7472936, 24.890048], [46.7472937, 24.8900575], [46.7473116, 24.8900757], [46.747357, 24.8900855], [46.7473779, 24.8900852], [46.7474202, 24.8901134], [46.747431, 24.8901324], [46.7474314, 24.890161], [46.7474419, 24.8901609], [46.7474526, 24.8901799], [46.747453, 24.8902086], [46.7474427, 24.8902182], [46.7474429, 24.8902373], [46.7474221, 24.8902471], [46.7474223, 24.8902567], [46.7474118, 24.8902568], [46.7474122, 24.8902855], [46.7473914, 24.8902953], [46.747392, 24.890343], [46.7473816, 24.8903432], [46.7473718, 24.890391], [46.747351, 24.8904008], [46.7473413, 24.8904583], [46.7473105, 24.8905064], [46.7473112, 24.8905542], [46.7473328, 24.8906017], [46.7474011, 24.8906035], [46.7474168, 24.8906103], [46.7474275, 24.8906293], [46.7474484, 24.890629], [46.7474591, 24.8906385], [46.7474925, 24.8906464], [46.7475114, 24.8906378], [46.7475113, 24.8906283], [46.7475532, 24.8906278], [46.7476156, 24.8905984], [46.747647, 24.890598], [46.7476991, 24.8905783], [46.7477201, 24.8905781], [46.74772, 24.8905685], [46.7477409, 24.8905683], [46.7477511, 24.890549], [46.7477661, 24.8905435], [46.7478244, 24.8905482], [46.7478452, 24.8905384], [46.7478767, 24.890538], [46.7479496, 24.8905085], [46.7480641, 24.8904906], [46.748159, 24.890506], [46.7481801, 24.8905154], [46.7481803, 24.8905249], [46.7482012, 24.8905247], [46.7482013, 24.8905342], [46.7482224, 24.8905435], [46.7482539, 24.8905432], [46.748254, 24.8905527], [46.7482666, 24.8905647], [46.7482961, 24.8905692], [46.7483255, 24.890564], [46.7483378, 24.8905517], [46.7483376, 24.8905422], [46.7483464, 24.8905131], [46.7483713, 24.8904912], [46.7484117, 24.8904773], [46.7484653, 24.890472], [46.7485999, 24.8904903], [46.7486599, 24.8905117], [46.7487042, 24.8905379], [46.7487254, 24.8905567], [46.748757, 24.8905659], [46.7487571, 24.8905755], [46.7487676, 24.8905754], [46.7487783, 24.8905943], [46.7487994, 24.8906036], [46.7487996, 24.8906132], [46.7488415, 24.8906127], [46.7488521, 24.8906221], [46.7489254, 24.8906213], [46.7489466, 24.8906401], [46.7489577, 24.8906878], [46.7489896, 24.8907161], [46.7490105, 24.8907158], [46.7490213, 24.8907348], [46.7490317, 24.8907347], [46.7490425, 24.8907537], [46.749053, 24.8907536], [46.7490647, 24.8907619], [46.7490852, 24.8908105], [46.7491063, 24.8908198], [46.749117, 24.8908388], [46.7491275, 24.8908387], [46.7491487, 24.8908575], [46.749149, 24.8908766], [46.7491703, 24.8909051], [46.7491706, 24.8909242], [46.7491811, 24.890924], [46.7491812, 24.8909336], [46.7491917, 24.8909335], [46.7492657, 24.8909804], [46.7492866, 24.8909801], [46.7492867, 24.8909897], [46.7493186, 24.891018], [46.7493187, 24.8910275], [46.7493503, 24.8910367], [46.749361, 24.8910557], [46.7493715, 24.8910556], [46.7493832, 24.8910639], [46.7494037, 24.8911125], [46.7494248, 24.8911218], [46.7494249, 24.8911314], [46.7494461, 24.8911503], [46.7494882, 24.8911593], [46.7494883, 24.8911689], [46.7495305, 24.8911875], [46.7495517, 24.8912064], [46.7495726, 24.8912061], [46.7495832, 24.8912155], [46.7496095, 24.8912283], [46.7496441, 24.8912323], [46.7497299, 24.8912138], [46.7497507, 24.891204], [46.7497506, 24.8911945], [46.7497671, 24.8911756], [46.7498078, 24.8911648], [46.7498486, 24.8911679], [46.7498656, 24.8911836], [46.7498658, 24.8911931], [46.7498977, 24.891231], [46.749898, 24.8912501], [46.7499191, 24.8912594], [46.7499195, 24.891288], [46.74993, 24.8912879], [46.7499301, 24.8912975], [46.7499513, 24.8913163], [46.7499829, 24.8913255], [46.7500543, 24.8913182], [46.7500771, 24.8913244], [46.7500877, 24.8913338], [46.7501273, 24.8913453], [46.7502448, 24.891332], [46.7502869, 24.8913411], [46.7503501, 24.891369], [46.7503713, 24.8913878], [46.7504237, 24.8913872], [46.7504448, 24.8913965], [46.7504993, 24.8914022], [46.7506338, 24.8913779], [46.7506857, 24.8913937], [46.7506963, 24.8914031], [46.7507421, 24.8914258], [46.7508015, 24.8914335], [46.7508606, 24.8914244], [46.7509058, 24.8914007], [46.7509161, 24.891391], [46.7509475, 24.8913906], [46.7509684, 24.8913808], [46.7509682, 24.8913713], [46.7509892, 24.891371], [46.750989, 24.8913615], [46.7509995, 24.8913614], [46.7510097, 24.8913421], [46.7510409, 24.8913227], [46.7510407, 24.8913131], [46.7510617, 24.8913129], [46.7510713, 24.8912554], [46.7510921, 24.8912456], [46.7510919, 24.8912265], [46.7511127, 24.8912167], [46.7511124, 24.8911976], [46.7511434, 24.8911686], [46.7511535, 24.8911398], [46.7511771, 24.8911176], [46.7512158, 24.8911008], [46.7512773, 24.8911076], [46.7512891, 24.8911], [46.751289, 24.8910904], [46.7512996, 24.8910822], [46.7513517, 24.8910801], [46.7514035, 24.8910413], [46.751414, 24.8910412], [46.7514241, 24.8910124], [46.7514449, 24.8910026], [46.751455, 24.8909738], [46.7514758, 24.890964], [46.751496, 24.890916], [46.7515065, 24.8909159], [46.7515167, 24.8908966], [46.7515375, 24.8908868], [46.7515374, 24.8908773], [46.7515793, 24.8908768], [46.7515896, 24.8908671], [46.7516106, 24.8908669], [46.7516313, 24.8908475], [46.7516522, 24.8908473], [46.7516521, 24.8908377], [46.751673, 24.8908375], [46.7516831, 24.8908087], [46.7516936, 24.8908086], [46.7516933, 24.8907895], [46.7517244, 24.89077], [46.7517243, 24.8907604], [46.7517348, 24.8907603], [46.7517345, 24.8907412], [46.7517471, 24.8907064], [46.7517755, 24.8906738], [46.7518086, 24.8906572], [46.7518693, 24.8906441], [46.7519615, 24.8906323], [46.7520264, 24.8906422], [46.7520475, 24.8906515], [46.7520999, 24.8906509], [46.7521, 24.8906605], [46.7521314, 24.8906601], [46.7521631, 24.8906788], [46.7521841, 24.8906786], [46.7521997, 24.8907141], [46.7521958, 24.8907361], [46.752185, 24.8907455], [46.7521782, 24.890745], [46.7521745, 24.8907456], [46.7521747, 24.8907551], [46.752154, 24.8907745], [46.7521466, 24.8908044], [46.7521548, 24.8908318], [46.7521865, 24.8908506], [46.7521866, 24.8908601], [46.7521971, 24.89086], [46.7522079, 24.890879], [46.7522183, 24.8908789], [46.7522185, 24.8908884], [46.7522394, 24.8908882], [46.7522502, 24.8909071], [46.7523134, 24.8909351], [46.752416, 24.8909528], [46.7524532, 24.8909476], [46.752481, 24.8909331], [46.7524913, 24.8909234], [46.7525148, 24.8909176], [46.7525766, 24.8909281], [46.7525961, 24.8909222], [46.7526064, 24.8909125], [46.7526483, 24.890912], [46.7526586, 24.8909023], [46.752711, 24.8909017], [46.7527213, 24.8908921], [46.7527841, 24.8908818], [46.7527944, 24.8908721], [46.7528572, 24.8908714], [46.7528676, 24.8908617], [46.7528941, 24.8908537], [46.7529723, 24.8908604], [46.7530141, 24.8908504], [46.7530244, 24.8908407], [46.7530479, 24.8908349], [46.7531097, 24.8908454], [46.7531291, 24.8908395], [46.7531395, 24.8908298], [46.7531709, 24.8908294], [46.7531812, 24.8908198], [46.7532231, 24.8908193], [46.7532543, 24.8907998], [46.7532857, 24.8907994], [46.7532856, 24.8907899], [46.7533273, 24.8907798], [46.7533902, 24.8907791], [46.7534318, 24.8907595], [46.7534842, 24.8907589], [46.7534945, 24.8907492], [46.7535155, 24.890749], [46.7535363, 24.8907392], [46.7535361, 24.8907296], [46.7535571, 24.8907294], [46.753567, 24.890691], [46.753588, 24.8906908], [46.7535979, 24.8906524], [46.7536289, 24.8906234], [46.7536594, 24.8905562], [46.7536799, 24.8905273], [46.7536904, 24.8905271], [46.7537005, 24.8904983], [46.7537212, 24.890479], [46.7537311, 24.8904407], [46.753752, 24.8904404], [46.7537518, 24.8904213], [46.7537726, 24.8904115], [46.7537724, 24.8904019], [46.7537829, 24.8904018], [46.7537828, 24.8903923], [46.7538138, 24.8903632], [46.7538301, 24.8903074], [46.7538443, 24.890296], [46.7538548, 24.8902959], [46.753865, 24.8902766], [46.7538647, 24.8902575], [46.7538752, 24.8902574], [46.7538749, 24.8902383], [46.7538957, 24.8902285], [46.7538956, 24.890219], [46.7539162, 24.8901996], [46.7539787, 24.8901977], [46.7539894, 24.8901892], [46.7539893, 24.8901796], [46.7540312, 24.8901791], [46.7540311, 24.8901696], [46.7540476, 24.8901551], [46.754125, 24.8901494], [46.7541736, 24.8901354], [46.7541875, 24.89012], [46.7541873, 24.8901104], [46.754229, 24.8900908], [46.7542288, 24.8900813], [46.7542393, 24.8900811], [46.7542494, 24.8900524], [46.7542599, 24.8900522], [46.7542803, 24.8900138], [46.7542907, 24.8900136], [46.7543007, 24.8899753], [46.7543216, 24.8899751], [46.7543213, 24.889956], [46.754342, 24.8899366], [46.7543422, 24.8899342], [46.7543419, 24.889927], [46.7543497, 24.8899092], [46.7543712, 24.8898955], [46.7544461, 24.889885], [46.7545213, 24.8899006], [46.7545432, 24.8899157], [46.7545515, 24.8899341], [46.7545516, 24.8899437], [46.7545621, 24.8899436], [46.7545825, 24.8899536], [46.7545939, 24.8899719], [46.7545941, 24.8899814], [46.754615, 24.8899812], [46.7546153, 24.8900003], [46.7546258, 24.8900002], [46.7546259, 24.8900097], [46.7546468, 24.8900095], [46.754647, 24.890019], [46.7546575, 24.8900189], [46.7546787, 24.8900377], [46.754687, 24.8900763], [46.7546621, 24.8901801], [46.7546669, 24.8901948], [46.754681, 24.8902002], [46.7546914, 24.8902], [46.7546917, 24.8902191], [46.7547231, 24.8902188], [46.7547233, 24.8902283], [46.7547365, 24.8902457], [46.7547704, 24.8902515], [46.7548195, 24.8902441], [46.7548594, 24.8902267], [46.7548801, 24.8902074], [46.7549323, 24.8901972], [46.7549314, 24.8901303], [46.7549742, 24.8901222], [46.7550258, 24.8901388], [46.7550364, 24.8901482], [46.7550746, 24.8901573], [46.7550992, 24.8901475], [46.755099, 24.8901284], [46.7551199, 24.8901281], [46.7551198, 24.8901186], [46.7551511, 24.8901086], [46.7551613, 24.8900894], [46.7551717, 24.8900893], [46.7551715, 24.8900702], [46.7551819, 24.8900701], [46.7552093, 24.8900553], [46.755218, 24.8900158], [46.7552071, 24.8899516], [46.7551792, 24.889879], [46.7551685, 24.88986], [46.7551473, 24.8898411], [46.7551471, 24.8898316], [46.7551261, 24.8898223], [46.7551259, 24.8898127], [46.7551155, 24.8898128], [46.7551047, 24.8897939], [46.7550417, 24.889785], [46.755031, 24.8897661], [46.754989, 24.889757], [46.7549782, 24.889738], [46.7549573, 24.8897383], [46.7549571, 24.8897287], [46.7549448, 24.8897161], [46.7548927, 24.8897026], [46.7548833, 24.8896914], [46.7548831, 24.8896818], [46.7548811, 24.8896787], [46.7548308, 24.8896824], [46.754878, 24.8896683], [46.7549044, 24.8896566], [46.754914, 24.8896432], [46.7549139, 24.8896337], [46.7549244, 24.8896335], [46.754945, 24.8896142], [46.7549763, 24.8896043], [46.7549865, 24.889585], [46.7550283, 24.889575], [46.7550698, 24.8895458], [46.7551635, 24.8895065], [46.7551842, 24.8894872], [46.7552051, 24.8894869], [46.7552468, 24.8894673], [46.755257, 24.8894481], [46.7552779, 24.8894478], [46.7553194, 24.8894187], [46.7553403, 24.8894184], [46.7553852, 24.8894084], [46.7554302, 24.8893841], [46.7554724, 24.8893469], [46.7555063, 24.8893018], [46.7555165, 24.8892826], [46.7555893, 24.8892435], [46.7556202, 24.8892049], [46.7556513, 24.8891855], [46.755711, 24.8891724], [46.755756, 24.8891842], [46.7557667, 24.8891937], [46.7558303, 24.8891865], [46.75584, 24.8891928], [46.7558398, 24.8891982], [46.7558401, 24.8892023], [46.7558612, 24.8892117], [46.7558926, 24.8892113], [46.755914, 24.8892397], [46.7559248, 24.8892682], [46.7559087, 24.8893812], [46.7559132, 24.8893964], [46.7559267, 24.889402], [46.7559372, 24.8894019], [46.7559435, 24.8894103], [46.755932, 24.8894576], [46.7559381, 24.8894687], [46.7559486, 24.8894686], [46.7559594, 24.8894876], [46.7559583, 24.8895599], [46.7559711, 24.8895735], [46.7559815, 24.8895733], [46.7559818, 24.8895924], [46.7559923, 24.8895923], [46.7559991, 24.8896012], [46.7559931, 24.8896496], [46.7560038, 24.8896686], [46.7560136, 24.8897295], [46.755986, 24.8898796], [46.7559916, 24.8899113], [46.7560076, 24.8899361], [46.7560288, 24.889955], [46.7560294, 24.8899932], [46.7560398, 24.8899931], [46.7560403, 24.8900217], [46.7560613, 24.890031], [46.7560615, 24.8900406], [46.7560827, 24.8900595], [46.7560932, 24.8900593], [46.7560933, 24.8900689], [46.7561038, 24.8900688], [46.756125, 24.8900876], [46.7561459, 24.8900874], [46.7561461, 24.8900969], [46.756166, 24.8901173], [46.7562146, 24.890125], [46.7562628, 24.8901162], [46.7562822, 24.8900953], [46.7562821, 24.8900858], [46.7563345, 24.8900852], [46.7563448, 24.8900755], [46.7563985, 24.8900724], [46.7564075, 24.8900652], [46.7564074, 24.8900556], [46.7564283, 24.8900554], [46.7564595, 24.8900359], [46.7564801, 24.8900166], [46.75648, 24.890007], [46.756501, 24.8900068], [46.756532, 24.8899777], [46.7565424, 24.8899776], [46.7565733, 24.889939], [46.756615, 24.8899194], [46.7566252, 24.8899002], [46.7566461, 24.8898999], [46.7566458, 24.8898808], [46.7566563, 24.8898807], [46.7566665, 24.8898615], [46.7566873, 24.8898517], [46.7566871, 24.8898326], [46.7566975, 24.8898324], [46.7567077, 24.8898132], [46.7567073, 24.8897846], [46.7567177, 24.8897749], [46.7567316, 24.8897509], [46.756736, 24.8897194], [46.7567158, 24.8896411], [46.756705, 24.8896221], [46.7567144, 24.8895488], [46.7567038, 24.8895362], [46.7566933, 24.8895363], [46.7566874, 24.8895279], [46.7566927, 24.8894885], [46.7566818, 24.88946], [46.7566713, 24.8894601], [46.7566513, 24.8894479], [46.7566438, 24.8894158], [46.7566509, 24.8893709], [46.7566695, 24.8893359], [46.7566799, 24.8893262], [46.7566894, 24.8892592], [46.756731, 24.8892396], [46.7567309, 24.8892301], [46.7567623, 24.8892297], [46.7568039, 24.8892101], [46.7568773, 24.8892092], [46.7569194, 24.8892279], [46.7569988, 24.8892171], [46.7570137, 24.8892267], [46.7570138, 24.8892363], [46.7570557, 24.8892358], [46.7570663, 24.8892452], [46.7571396, 24.8892444], [46.7571503, 24.8892538], [46.7572026, 24.8892532], [46.7572134, 24.8892722], [46.7572553, 24.8892717], [46.7572554, 24.8892812], [46.7572653, 24.8892906], [46.757308, 24.8892997], [46.7573503, 24.8893279], [46.7573924, 24.889337], [46.7574031, 24.8893559], [46.7574453, 24.8893745], [46.7574662, 24.8893743], [46.7575085, 24.8894025], [46.7575295, 24.8894022], [46.7575401, 24.8894117], [46.757582, 24.8894112], [46.7576137, 24.8894299], [46.7576975, 24.8894289], [46.7577185, 24.8894382], [46.7577989, 24.8894512], [46.7579699, 24.8894353], [46.757979, 24.8894359], [46.7579908, 24.889435], [46.7580012, 24.8894253], [46.758005, 24.8894253], [46.7580007, 24.8894163], [46.7560705, 24.8879715]]]}}, {"type": "Feature", "properties": {"name": "Branch road", "layer": "0"}, "geometry": {"type": "Polygon", "coordinates": [[[46.7477283, 24.8768162], [46.7478626, 24.8768133], [46.7481086, 24.8767978], [46.7484363, 24.8767807], [46.7486191, 24.876767], [46.7490158, 24.8767368], [46.7493329, 24.8767159], [46.7496637, 24.8766927], [46.7498927, 24.876676], [46.7503464, 24.8766432], [46.7506295, 24.8766246], [46.7510277, 24.8765923], [46.7514093, 24.8765198], [46.7516791, 24.8764295], [46.7519311, 24.8763129], [46.7523518, 24.8761175], [46.7526094, 24.8759899], [46.7528716, 24.8758584], [46.7531427, 24.8757284], [46.7534256, 24.875597], [46.7537851, 24.8754013], [46.7539486, 24.875296], [46.754191, 24.8751472], [46.7545193, 24.8749753], [46.7547591, 24.8748516], [46.7549928, 24.8747293], [46.7553013, 24.8745721], [46.7555397, 24.8744602], [46.755787, 24.8743562], [46.7561225, 24.8742402], [46.7563747, 24.8741741], [46.7567889, 24.8741048], [46.7571916, 24.8741016], [46.757628, 24.8741258], [46.7578433, 24.8741547], [46.7579866, 24.8741805], [46.758224, 24.8742307], [46.7585429, 24.8743255], [46.758834, 24.8744447], [46.7590251, 24.8745364], [46.7593395, 24.8746774], [46.7595181, 24.874752], [46.7598039, 24.8748774], [46.7600053, 24.8749657], [46.760325, 24.8751001], [46.7606659, 24.8752397], [46.7610134, 24.8753918], [46.7613634, 24.8755466], [46.7617177, 24.8756998], [46.7618386, 24.8757512], [46.7624639, 24.8760173], [46.7629872, 24.8762454], [46.7633932, 24.8764187], [46.7639401, 24.8766573], [46.7643418, 24.8768323], [46.7646064, 24.8769474], [46.7649901, 24.8771205], [46.7652418, 24.8772262], [46.7657275, 24.8774321], [46.7661682, 24.8776219], [46.7668494, 24.8779253], [46.767273, 24.8781129], [46.7677182, 24.8782879], [46.7477283, 24.8768162]]]}}, {"type": "Feature", "properties": {"name": "Branch road", "layer": "0"}, "geometry": {"type": "Polygon", "coordinates": [[[46.7572362, 24.8702848], [46.7571837, 24.8706194], [46.7571488, 24.8708478], [46.7570856, 24.8712421], [46.7570486, 24.8714724], [46.7570146, 24.8717098], [46.7569439, 24.8720989], [46.7568831, 24.8724103], [46.7568594, 24.8725626], [46.7567684, 24.8730824], [46.7567155, 24.8734234], [46.7566894, 24.8735872], [46.7566548, 24.8737227], [46.7566199, 24.8737823], [46.7572362, 24.8702848]]]}}, {"type": "Feature", "properties": {"name": "Branch road", "layer": "0"}, "geometry": {"type": "Polygon", "coordinates": [[[46.7468384, 24.8831236], [46.7471112, 24.8829316], [46.7473217, 24.8827843], [46.7474745, 24.8826804], [46.7477882, 24.8824685], [46.7480313, 24.8823069], [46.7482941, 24.8821278], [46.7484739, 24.8819983], [46.7487558, 24.881802], [46.748949, 24.8816695], [46.749234, 24.8814755], [46.7495113, 24.881286], [46.7497772, 24.8811057], [46.7500297, 24.880936], [46.750279, 24.8807704], [46.7506201, 24.8805319], [46.7508863, 24.8803486], [46.7512457, 24.8801023], [46.7515856, 24.879861], [46.7519088, 24.8796289], [46.7522491, 24.8794014], [46.7526407, 24.8791075], [46.7528395, 24.8787856], [46.7528781, 24.8784221], [46.7527404, 24.8780097], [46.752615, 24.8777838], [46.7524452, 24.8774992], [46.7523203, 24.8772968], [46.7521533, 24.8769933], [46.7520365, 24.8767794], [46.7519493, 24.8765989], [46.7468384, 24.8831236]]]}}, {"type": "Feature", "properties": {"name": "Branch road", "layer": "0"}, "geometry": {"type": "Polygon", "coordinates": [[[46.7566199, 24.8737823], [46.7565222, 24.8739192], [46.7564285, 24.8740583], [46.7563807, 24.874174], [46.7566199, 24.8737823]]]}}, {"type": "Feature", "properties": {"name": "Branch road", "layer": "0"}, "geometry": {"type": "Polygon", "coordinates": [[[46.7519493, 24.8765989], [46.7518719, 24.8764575], [46.7518051, 24.8763712], [46.7519493, 24.8765989]]]}}, {"type": "Feature", "properties": {"name": "main access", "layer": "sign bord"}, "geometry": {"type": "Polygon", "coordinates": [[[46.7759961, 24.8576289], [46.7750734, 24.8589979], [46.7747186, 24.8596148], [46.774222, 24.8607699], [46.7738406, 24.8622006], [46.7731352, 24.8632195], [46.7729242, 24.8635824], [46.7725745, 24.8646828], [46.7724602, 24.865023], [46.7723799, 24.8652068], [46.7720644, 24.8655998], [46.7718406, 24.8658798], [46.7717126, 24.8660675], [46.7716154, 24.8662977], [46.7716501, 24.8663069], [46.7713039, 24.8672954], [46.7687718, 24.8752124], [46.7684513, 24.8761767], [46.7669807, 24.8807541], [46.7660337, 24.8837571], [46.7658908, 24.8840721], [46.76539, 24.8849195], [46.7759961, 24.8576289]]]}}, {"type": "Feature", "properties": {"name": "New Employee Office", "layer": "site office 16 march"}, "geometry": {"type": "Polygon", "coordinates": [[[46.7576919, 24.8704461], [46.7593944, 24.8706773], [46.7594686, 24.8702224], [46.7585248, 24.8698108], [46.7578114, 24.8697139], [46.7576919, 24.8704461]]]}}, {"type": "Feature", "properties": {"name": "Phase 2 Office", "layer": "site office 16 march"}, "geometry": {"type": "Polygon", "coordinates": [[[46.7601233, 24.8600786], [46.760428, 24.8595661], [46.7617038, 24.8601952], [46.7614002, 24.8607067], [46.7601233, 24.8600786]]]}}, {"type": "Feature", "properties": {"name": "phase 3,4,5 office", "layer": "0"}, "geometry": {"type": "Polygon", "coordinates": [[[46.7510884, 24.882173], [46.7527058, 24.8825398], [46.7529171, 24.8817645], [46.7512998, 24.8813976], [46.7510884, 24.882173]]]}}]}